timestamp_ros_sec,run_id,random_seed,scan_generation,queue_position,target_id,target_state,verification_stage,drone_x_enu,drone_y_enu,drone_altitude,estimate_x_enu,estimate_y_enu,estimate_x_visual,estimate_y_visual,actual_x_visual,actual_y_visual,tof_distance,actual_visit_distance,position_error,visited_correct,kalman_gain_x,kalman_gain_y,kalman_updates
1784390563.812958,depth321_fix_01,101,1,1,1,visited,TO_3M,11.268485,-3.824376,0.710205,12.583739,-4.153581,-12.416261,-4.153581,-12.000000,-4.000000,1.164608,1.740399,0.443690,0,0.076799,0.076799,1481
1784390777.513262,depth321_fix_01,101,2,2,0,visited,TO_3M,12.737121,2.389795,0.712097,12.992800,3.676934,-12.007200,3.676934,-12.000000,4.000000,1.126123,1.631523,0.323147,0,0.076916,0.076916,1466
1784391061.012316,depth321_fix_01,101,3,3,2,visited,TO_3M,20.591423,10.382781,0.725800,21.086426,11.587603,-3.913574,11.587603,-4.000000,12.000000,1.125102,1.668032,0.421356,0,0.080658,0.080658,1537
1784391404.910558,depth321_fix_01,101,4,4,5,visited,TO_3M,13.171463,-10.247960,0.722443,12.916822,-11.562448,-12.083178,-11.562448,-12.000000,-12.000000,1.166675,1.760410,0.445388,0,0.079486,0.079486,1600
1784391810.861073,depth321_fix_01,101,5,5,4,visited,TO_3M,13.904717,10.579065,0.718475,13.371863,11.763454,-11.628137,11.763454,-12.000000,12.000000,1.121932,1.684509,0.440722,0,0.075924,0.075924,1502
1784392026.006673,depth321_fix_01,101,6,1,7,visited,TO_3M,19.565309,5.011082,0.709015,20.589035,4.179653,-4.410965,4.179653,-4.000000,4.000000,1.140329,1.755171,0.448517,0,0.077688,0.077688,1538
1784392381.342127,depth321_fix_01,101,7,2,6,visited,TO_3M,20.357395,-10.435174,0.732239,20.730245,-11.709469,-4.269755,-11.709469,-4.000000,-12.000000,1.152315,1.691633,0.396454,0,0.077728,0.077728,1485
1784392806.927661,depth321_fix_01,101,8,3,11,visited,TO_3M,36.517290,10.407724,0.722198,36.940479,11.642342,11.940479,11.642342,12.000000,12.000000,1.134834,1.663837,0.362577,0,0.076690,0.076690,1415
1784393028.612821,depth321_fix_01,101,9,4,10,visited,TO_3M,30.150474,5.197128,0.723206,29.045563,4.353252,4.045563,4.353252,4.000000,4.000000,1.179042,1.660333,0.356178,0,0.076995,0.076995,1524
1784393319.173693,depth321_fix_01,101,10,5,3,visited,TO_3M,21.854095,-2.501508,0.723541,21.062201,-3.591615,-3.937799,-3.591615,-4.000000,-4.000000,1.160049,1.724807,0.413095,0,0.083906,0.083906,1621
1784393583.727013,depth321_fix_01,101,11,6,8,visited,TO_3M,28.517149,10.424830,0.726105,28.911617,11.671645,3.911617,11.671645,4.000000,12.000000,1.140026,1.647515,0.340042,0,0.080489,0.080489,1620
1784394200.862328,depth321_fix_01,101,13,1,12,visited,TO_3M,28.228123,-2.456512,0.714966,28.747601,-3.725923,3.747601,-3.725923,4.000000,-4.000000,1.179805,1.725731,0.372590,0,0.074462,0.074462,591
1784394522.262944,depth321_fix_01,101,14,2,15,visited,TO_3M,35.842787,-10.665372,0.710052,36.765334,-11.663183,11.765334,-11.663183,12.000000,-12.000000,1.181135,1.766459,0.410504,0,0.080950,0.080950,1651
1784394719.765227,depth321_fix_01,101,15,3,16,visited,TO_3M,36.548468,-5.633028,0.716736,36.855043,-4.371769,11.855043,-4.371769,12.000000,-4.000000,1.117574,1.694303,0.399030,0,0.078449,0.078449,1313
1784394948.160010,depth321_fix_01,101,16,4,14,visited,TO_3M,30.292360,-10.960023,0.730591,29.236382,-11.824288,4.236382,-11.824288,4.000000,-12.000000,1.178669,1.658839,0.294535,0,0.076141,0.076141,1717
1784395210.959786,depth321_fix_01,101,17,5,9,visited,TO_3M,36.566057,2.358161,0.726044,36.981040,3.644980,11.981040,3.644980,12.000000,4.000000,1.172643,1.698217,0.355526,0,0.078177,0.078177,1641
1784426223.977407,depth321_fix_01,101,1,1,1,visited,TO_3M,11.234963,-4.046090,0.712952,12.553016,-4.353723,-12.446984,-4.353723,-12.000000,-4.000000,1.162201,1.765638,0.570013,0,0.076199,0.076199,1486
1784426421.374916,depth321_fix_01,101,2,2,0,visited,TO_3M,12.867944,2.338747,0.717194,13.211889,3.677866,-11.788111,3.677866,-12.000000,4.000000,1.199742,1.666493,0.385574,0,0.075794,0.075794,1399
1784426686.606414,depth321_fix_01,101,3,3,2,visited,TO_3M,20.653922,10.415696,0.717163,21.192453,11.660378,-3.807547,11.660378,-4.000000,12.000000,1.180729,1.621662,0.390360,0,0.078302,0.078302,1477
1784427007.624841,depth321_fix_01,101,4,4,5,visited,TO_3M,12.902178,-10.282505,0.715179,12.638316,-11.663698,-12.361684,-11.663698,-12.000000,-12.000000,1.206963,1.720278,0.493877,0,0.075412,0.075412,1529
1784427380.525085,depth321_fix_01,101,5,5,4,visited,TO_3M,13.963129,10.577136,0.709656,13.347616,11.788564,-11.652384,11.788564,-12.000000,12.000000,1.183807,1.718185,0.406868,0,0.075479,0.075479,1337
1784427672.874200,depth321_fix_01,101,6,6,3,visited,TO_3M,19.922046,-10.643092,0.714935,20.442726,-11.880870,-4.557274,-11.880870,-4.000000,-12.000000,1.162800,1.732970,0.569865,0,0.072679,0.072679,1564
1784427859.174925,depth321_fix_01,101,7,1,10,visited,TO_3M,20.826026,-5.634409,0.732117,21.183969,-4.312356,-3.816031,-4.312356,-4.000000,-4.000000,1.181539,1.643642,0.362506,0,0.075561,0.075561,1253
1784429150.180116,depth321_fix_01,101,1,1,1,visited,TO_3M,11.238951,-4.161370,0.717316,12.734195,-4.504522,-12.265805,-4.504522,-12.000000,-4.000000,1.175399,1.768427,0.570258,0,0.073749,0.073749,1498
1784429345.900125,depth321_fix_01,101,2,2,0,visited,TO_3M,12.945941,2.295922,0.719116,13.307077,3.623557,-11.692923,3.623557,-12.000000,4.000000,1.187369,1.704935,0.485804,0,0.073739,0.073739,1443
1784429604.227686,depth321_fix_01,101,3,3,3,visited,TO_3M,20.684830,10.286125,0.718445,21.237014,11.555457,-3.762986,11.555457,-4.000000,12.000000,1.197440,1.742613,0.503780,0,0.075607,0.075607,1480
1784429793.477394,depth321_fix_01,101,4,4,4,visited,TO_3M,14.654533,11.793999,0.720306,13.327591,12.167014,-11.672409,12.167014,-12.000000,12.000000,1.204145,1.667308,0.367709,0,0.075270,0.075270,1342
1784430195.878197,depth321_fix_01,101,5,5,5,visited,TO_3M,12.744564,-10.314805,0.713379,12.651213,-11.701735,-12.348787,-11.701735,-12.000000,-12.000000,1.193386,1.704444,0.458927,0,0.075497,0.075497,1261
1784430398.179945,depth321_fix_01,101,6,1,10,visited,TO_3M,19.581797,-5.034087,0.712189,20.888602,-4.554605,-4.111398,-4.554605,-4.000000,-4.000000,1.214750,1.755174,0.565682,0,0.076631,0.076631,817
1784430764.228308,depth321_fix_01,101,7,2,11,visited,TO_3M,35.810679,10.694641,0.717865,36.898635,11.582269,11.898635,11.582269,12.000000,12.000000,1.205351,1.765913,0.429853,0,0.075404,0.075404,1399
1784430950.831711,depth321_fix_01,101,8,3,9,visited,TO_3M,30.526690,11.670377,0.708984,29.311968,12.032028,4.311968,12.032028,4.000000,12.000000,1.097954,1.561868,0.313608,0,0.074915,0.074915,1319
1784431356.327569,depth321_fix_01,101,9,4,8,visited,TO_3M,28.965086,-10.277697,0.722015,28.588618,-11.684978,3.588618,-11.684978,4.000000,-12.000000,1.213212,1.722657,0.518145,0,0.072584,0.072584,1262
1784431592.830084,depth321_fix_01,101,10,5,2,visited,TO_3M,22.097290,2.686914,0.711273,21.365611,3.827809,-3.634389,3.827809,-4.000000,4.000000,1.178194,1.711211,0.404130,0,0.074481,0.074481,1578
1784431774.729020,depth321_fix_01,101,11,6,7,visited,TO_3M,27.358248,3.342219,0.718384,28.616199,3.699860,3.616199,3.699860,4.000000,4.000000,1.128276,1.768622,0.487224,0,0.076581,0.076581,1381
1784432028.328937,depth321_fix_01,101,12,7,6,visited,TO_3M,21.132588,-10.335105,0.720520,20.791982,-11.652838,-4.208018,-11.652838,-4.000000,-12.000000,1.172378,1.670166,0.404714,0,0.075297,0.075297,1601
1784432229.981410,depth321_fix_01,101,13,8,15,visited,TO_3M,27.721779,-5.218464,0.726257,28.782430,-4.343136,3.782430,-4.343136,4.000000,-4.000000,1.196172,1.765928,0.406299,0,0.074112,0.074112,1493
1784432469.077242,depth321_fix_01,101,14,1,14,visited,TO_3M,35.417292,-4.819832,0.729431,36.582342,-4.315666,11.582342,-4.315666,12.000000,-4.000000,1.080411,1.782439,0.523530,0,0.075565,0.075565,1426
1784432650.777678,depth321_fix_01,101,15,2,13,visited,TO_3M,36.123362,-10.513171,0.732605,36.541135,-11.815113,11.541135,-11.815113,12.000000,-12.000000,1.202002,1.726023,0.494712,0,0.075197,0.075197,1381
1784432931.227031,depth321_fix_01,101,16,3,20,visited,TO_3M,36.824416,2.281769,0.728821,37.142680,3.565432,12.142680,3.565432,12.000000,4.000000,1.108186,1.727179,0.457391,0,0.074609,0.074609,1493
1784537721.201968,depth321_fix_01,101,1,1,0,visited,TO_3M,11.262231,-4.093740,0.734467,12.661555,-4.408242,-12.338445,-4.408242,-12.000000,-4.000000,1.224703,1.740295,0.530289,0,0.075430,0.075430,1520
1784537924.966734,depth321_fix_01,101,2,2,2,visited,TO_3M,12.811929,2.352917,0.717072,13.114161,3.626722,-11.885839,3.626722,-12.000000,4.000000,1.130748,1.657785,0.390344,0,0.075348,0.075348,1418
1784538186.606603,depth321_fix_01,101,3,3,1,visited,TO_3M,19.723302,-10.839562,0.724335,20.517994,-11.910046,-4.482006,-11.910046,-4.000000,-12.000000,1.163358,1.725275,0.490328,0,0.080333,0.080333,1572
1784538377.305386,depth321_fix_01,101,4,4,5,visited,TO_3M,14.468024,-11.174426,0.731750,13.112507,-11.509649,-11.887493,-11.509649,-12.000000,-12.000000,1.167418,1.684241,0.503092,0,0.075340,0.075340,1278
1784538785.508815,depth321_fix_01,101,5,5,4,visited,TO_3M,14.063457,10.718062,0.724182,13.426075,11.828112,-11.573925,11.828112,-12.000000,12.000000,1.108621,1.665625,0.459440,0,0.074387,0.074387,1331
1784538978.204017,depth321_fix_01,101,6,1,14,visited,TO_3M,19.503715,11.150336,0.731628,20.905009,11.492036,-4.094991,11.492036,-4.000000,12.000000,1.195185,1.720697,0.516770,0,0.074326,0.074326,1285
1784539322.354033,depth321_fix_01,101,7,2,11,visited,TO_3M,35.200624,-3.575878,0.710175,36.463952,-4.150415,11.463952,-4.150415,12.000000,-4.000000,1.201023,1.848684,0.556752,0,0.075807,0.075807,1414
1784539535.504794,depth321_fix_01,101,8,3,10,visited,TO_3M,29.526994,-10.345502,0.722992,28.808015,-11.535616,3.808015,-11.535616,4.000000,-12.000000,1.207489,1.736400,0.502504,0,0.073469,0.073469,1443
1784539754.555148,depth321_fix_01,101,9,4,9,visited,TO_3M,22.511869,-4.592293,0.727295,21.317976,-3.928591,-3.682024,-3.928591,-4.000000,-4.000000,1.190286,1.623748,0.325896,0,0.075355,0.075355,1419
1784540041.555984,depth321_fix_01,101,10,5,15,visited,TO_3M,28.738714,10.356047,0.724854,29.013973,11.639128,4.013973,11.639128,4.000000,12.000000,1.129726,1.664588,0.361142,0,0.073961,0.073961,1531
1784540259.805290,depth321_fix_01,101,11,6,8,visited,TO_3M,22.226076,5.166814,0.712891,21.159457,4.349405,-3.840543,4.349405,-4.000000,4.000000,1.174868,1.692547,0.384071,0,0.075808,0.075808,1470
1784540458.924727,depth321_fix_01,101,12,7,6,visited,TO_3M,27.228591,4.307234,0.724548,28.507003,3.907360,3.507003,3.907360,4.000000,4.000000,1.154856,1.797855,0.501626,0,0.077079,0.077079,1368
1784540672.669020,depth321_fix_01,101,13,1,22,visited,TO_3M,28.201749,-2.473892,0.717773,28.681732,-3.695058,3.681732,-3.695058,4.000000,-4.000000,1.147838,1.722269,0.440777,0,0.074554,0.074554,1475
1784540899.107949,depth321_fix_01,101,14,2,23,visited,TO_3M,35.666940,2.824937,0.728333,36.737141,3.669770,11.737141,3.669770,12.000000,4.000000,1.186573,1.777026,0.422074,0,0.077103,0.077103,1457
1784541234.906206,depth321_fix_01,101,15,3,21,visited,TO_3M,36.171556,-10.471587,0.728088,36.571354,-11.754300,11.571354,-11.754300,12.000000,-12.000000,1.176199,1.738495,0.494071,0,0.075826,0.075826,1441
1784541732.504850,depth321_fix_01,101,16,4,18,visited,TO_3M,37.847894,10.596012,0.722168,37.254569,11.816315,12.254569,11.816315,12.000000,12.000000,1.202945,1.640154,0.313920,0,0.077419,0.077419,1506
1784557999.639396,depth321_fix_01,101,1,1,0,visited,TO_3M,11.612543,3.045365,0.714050,12.829562,3.547736,-12.170438,3.547736,-12.000000,4.000000,1.148036,1.684151,0.483313,0,0.076143,0.076143,1502
1784558306.988724,depth321_fix_01,101,2,2,4,visited,TO_3M,11.868938,-10.733650,0.722382,12.536869,-11.853097,-12.463131,-11.853097,-12.000000,-12.000000,1.121172,1.697924,0.485871,0,0.074861,0.074861,1393
