ros_time_sec,run_id,random_seed,rx_index,target_id,nav_state,stage,tof_range,map_distance_before,range_residual,yaw_error_deg,prior_x,prior_y,measurement_x,measurement_y,post_x,post_y,kalman_gain_x,kalman_gain_y,innovation_xy,accepted,reason
1784368135.210641,direct1m_01,101,1649,1,APPROACH,TO_1M,7.999479,8.644313,0.464834,-0.192838,12.530807,-5.149053,12.140845,-4.894492,12.230555,-4.953053,0.769953,0.769953,0.465695,1,accepted
1784368135.363025,direct1m_01,101,1651,1,APPROACH,TO_1M,7.986906,8.254277,0.087371,-0.035601,12.230555,-4.953053,12.157137,-4.905413,12.198328,-4.932141,0.438957,0.438957,0.087520,1,accepted
1784368136.562789,direct1m_01,101,1652,1,APPROACH,TO_1M,7.978767,8.204314,0.045546,-0.019208,12.198328,-4.932141,12.160101,-4.907227,12.186557,-4.924470,0.307928,0.307928,0.045629,1,accepted
1784368136.629327,direct1m_01,101,1653,1,APPROACH,TO_1M,7.986250,8.177535,0.011285,-0.012408,12.186557,-4.924470,12.177627,-4.917346,12.184426,-4.922770,0.238596,0.238596,0.011423,1,accepted
1784368136.707052,direct1m_01,101,1654,1,APPROACH,TO_1M,7.981398,8.163918,0.002521,-0.010313,12.184426,-4.922770,12.182964,-4.920245,12.184138,-4.922273,0.196749,0.196749,0.002917,1,accepted
1784368136.779466,direct1m_01,101,1655,1,APPROACH,TO_1M,7.967639,8.147722,0.000083,-0.014521,12.184138,-4.922273,12.185089,-4.920438,12.184299,-4.921964,0.168510,0.168510,0.002067,1,accepted
1784368136.851611,direct1m_01,101,1656,1,APPROACH,TO_1M,7.947336,8.135002,0.007666,-0.022988,12.184299,-4.921964,12.179257,-4.915331,12.183550,-4.920979,0.148499,0.148499,0.008331,1,accepted
1784368136.931278,direct1m_01,101,1657,1,APPROACH,TO_1M,7.923289,8.122619,0.019329,-0.032310,12.183550,-4.920979,12.169032,-4.907423,12.181602,-4.919160,0.134203,0.134203,0.019864,1,accepted
1784368137.003657,direct1m_01,101,1658,1,APPROACH,TO_1M,7.993546,8.103751,0.069795,-0.050319,12.181602,-4.919160,12.245749,-4.947575,12.189485,-4.922652,0.122892,0.122892,0.070160,1,accepted
1784368137.074224,direct1m_01,101,1659,1,APPROACH,TO_1M,7.968891,8.099379,0.049512,-0.063698,12.189485,-4.922652,12.236952,-4.939381,12.194896,-4.924559,0.113987,0.113987,0.050329,1,accepted
1784368137.152636,direct1m_01,101,1660,1,APPROACH,TO_1M,7.869977,8.093797,0.043820,-0.074300,12.194896,-4.924559,12.162052,-4.893719,12.191366,-4.921245,0.107453,0.107453,0.045053,1,accepted
1784368137.237227,direct1m_01,101,1661,1,APPROACH,TO_1M,7.935138,8.073269,0.041869,-0.096600,12.191366,-4.921245,12.234484,-4.930196,12.195791,-4.922163,0.102623,0.102623,0.044037,1,accepted
1784368137.289591,direct1m_01,101,1662,1,APPROACH,TO_1M,7.932717,8.065171,0.047546,-0.113121,12.195791,-4.922163,12.244988,-4.931929,12.200542,-4.923106,0.096574,0.096574,0.050157,1,accepted
1784368137.362499,direct1m_01,101,1663,1,APPROACH,TO_1M,7.855247,8.059070,0.023822,-0.125651,12.200542,-4.923106,12.188643,-4.895953,12.199436,-4.920582,0.092986,0.092986,0.029647,1,accepted
1784368137.438969,direct1m_01,101,1664,1,APPROACH,TO_1M,7.856836,8.044429,0.007593,-0.139511,12.199436,-4.920582,12.202583,-4.899820,12.199720,-4.918707,0.090277,0.090277,0.020999,1,accepted
1784368137.507761,direct1m_01,101,1665,1,APPROACH,TO_1M,7.857716,8.027808,0.009908,-0.154219,12.199720,-4.918707,12.219072,-4.904881,12.201413,-4.917497,0.087499,0.087499,0.023783,1,accepted
1784368137.584248,direct1m_01,101,1666,1,APPROACH,TO_1M,7.844501,8.017125,0.007377,-0.155707,12.201413,-4.917497,12.218660,-4.902262,12.202891,-4.916192,0.085711,0.085711,0.023012,1,accepted
1784368137.653259,direct1m_01,101,1667,1,APPROACH,TO_1M,7.820416,8.004257,0.003841,-0.155234,12.202891,-4.916192,12.210355,-4.895476,12.203516,-4.914458,0.083698,0.083698,0.022019,1,accepted
1784368137.720496,direct1m_01,101,1668,1,APPROACH,TO_1M,7.790435,7.986912,0.016478,-0.150701,12.203516,-4.914458,12.199684,-4.888053,12.203202,-4.912296,0.081884,0.081884,0.026682,1,accepted
1784368137.788739,direct1m_01,101,1669,1,APPROACH,TO_1M,7.775382,7.973618,0.018236,-0.141746,12.203202,-4.912296,12.197213,-4.886125,12.202721,-4.910191,0.080422,0.080422,0.026847,1,accepted
1784368137.873483,direct1m_01,101,1670,1,APPROACH,TO_1M,7.839587,7.955303,0.064284,-0.129904,12.202721,-4.910191,12.267471,-4.926555,12.207922,-4.911505,0.080322,0.080322,0.066786,1,accepted
1784368137.939970,direct1m_01,101,1671,1,APPROACH,TO_1M,7.817172,7.947377,0.049795,-0.115419,12.207922,-4.911505,12.259088,-4.922434,12.211963,-4.912368,0.078977,0.078977,0.052321,1,accepted
1784368138.003880,direct1m_01,101,1672,1,APPROACH,TO_1M,7.721927,7.940361,0.038435,-0.100875,12.211963,-4.912368,12.185620,-4.881099,12.209917,-4.909940,0.077659,0.077659,0.040886,1,accepted
1784368138.082973,direct1m_01,101,1673,1,APPROACH,TO_1M,7.791125,7.925500,0.045625,-0.087737,12.209917,-4.909940,12.255524,-4.922180,12.213455,-4.910890,0.077586,0.077586,0.047221,1,accepted
1784368138.146897,direct1m_01,101,1674,1,APPROACH,TO_1M,7.711437,7.919182,0.027745,-0.078476,12.213455,-4.910890,12.194829,-4.887650,12.212031,-4.909112,0.076475,0.076475,0.029783,1,accepted
1784368138.219580,direct1m_01,101,1675,1,APPROACH,TO_1M,7.728004,7.903499,0.004504,-0.073253,12.212031,-4.909112,12.220984,-4.902609,12.212713,-4.908617,0.076134,0.076134,0.011066,1,accepted
1784368138.296062,direct1m_01,101,1676,1,APPROACH,TO_1M,7.741419,7.892963,0.028456,-0.068535,12.212713,-4.908617,12.242085,-4.914654,12.214948,-4.909077,0.076108,0.076108,0.029986,1,accepted
1784368138.366106,direct1m_01,101,1677,1,APPROACH,TO_1M,7.740634,7.885445,0.035190,-0.065837,12.214948,-4.909077,12.249962,-4.918813,12.217596,-4.909813,0.075637,0.075637,0.036343,1,accepted
1784368138.458599,direct1m_01,101,1678,1,APPROACH,TO_1M,7.729312,7.873756,0.035556,-0.067312,12.217596,-4.909813,12.253020,-4.919580,12.220317,-4.910563,0.076798,0.076798,0.036745,1,accepted
1784368138.532566,direct1m_01,101,1679,1,APPROACH,TO_1M,7.710166,7.864622,0.025544,-0.069059,12.220317,-4.910563,12.247183,-4.915133,12.222372,-4.910913,0.076500,0.076500,0.027252,1,accepted
1784368138.599062,direct1m_01,101,1680,1,APPROACH,TO_1M,7.683568,7.855885,0.007682,-0.069446,12.222372,-4.910913,12.233792,-4.906515,12.223237,-4.910580,0.075724,0.075724,0.012238,1,accepted
1784368138.666442,direct1m_01,101,1681,1,APPROACH,TO_1M,7.659964,7.840768,0.000804,-0.074993,12.223237,-4.910580,12.227684,-4.901296,12.223571,-4.909882,0.075123,0.075123,0.010294,1,accepted
1784368138.747890,direct1m_01,101,1682,1,APPROACH,TO_1M,7.634398,7.827886,0.013488,-0.079172,12.223571,-4.909882,12.217321,-4.893768,12.223098,-4.908664,0.075590,0.075590,0.017284,1,accepted
1784368138.817505,direct1m_01,101,1683,1,APPROACH,TO_1M,7.606144,7.815522,0.029378,-0.083620,12.223098,-4.908664,12.203397,-4.884077,12.221618,-4.906816,0.075164,0.075164,0.031507,1,accepted
1784368138.886147,direct1m_01,101,1684,1,APPROACH,TO_1M,7.670908,7.800274,0.050634,-0.090419,12.221618,-4.906816,12.271610,-4.921552,12.225353,-4.907917,0.074730,0.074730,0.052118,1,accepted
1784368138.969007,direct1m_01,101,1685,1,APPROACH,TO_1M,7.642175,7.788116,0.034058,-0.100317,12.225353,-4.907917,12.261668,-4.913209,12.228090,-4.908316,0.075355,0.075355,0.036698,1,accepted
1784368139.039462,direct1m_01,101,1686,1,APPROACH,TO_1M,7.533509,7.780163,0.066655,-0.104701,12.228090,-4.908316,12.177577,-4.862581,12.224300,-4.904885,0.075022,0.075022,0.068141,1,accepted
1784368139.113585,direct1m_01,101,1687,1,APPROACH,TO_1M,7.520621,7.762318,0.061697,-0.115328,12.224300,-4.904885,12.178795,-4.860411,12.220888,-4.901550,0.074993,0.074993,0.063629,1,accepted
1784368139.199935,direct1m_01,101,1688,1,APPROACH,TO_1M,7.532900,7.744367,0.031466,-0.131449,12.220888,-4.901550,12.202615,-4.870395,12.219502,-4.899188,0.075820,0.075820,0.036118,1,accepted
1784368139.271280,direct1m_01,101,1689,1,APPROACH,TO_1M,7.637621,7.732930,0.084691,-0.138876,12.219502,-4.899188,12.302170,-4.925528,12.225742,-4.901176,0.075483,0.075483,0.086763,1,accepted
1784368139.343620,direct1m_01,101,1690,1,APPROACH,TO_1M,7.549860,7.729143,0.000717,-0.148528,12.225742,-4.901176,12.236452,-4.884225,12.226548,-4.899900,0.075257,0.075257,0.020050,1,accepted
1784368139.449309,direct1m_01,101,1691,1,APPROACH,TO_1M,7.546094,7.716096,0.009997,-0.161463,12.226548,-4.899900,12.246147,-4.886143,12.228065,-4.898835,0.077397,0.077397,0.023945,1,accepted
1784368139.517171,direct1m_01,101,1692,1,APPROACH,TO_1M,7.531765,7.707336,0.004430,-0.161752,12.228065,-4.898835,12.242863,-4.882271,12.229199,-4.897567,0.076586,0.076586,0.022211,1,accepted
1784368139.585928,direct1m_01,101,1693,1,APPROACH,TO_1M,7.515837,7.696270,0.000433,-0.160482,12.229199,-4.897567,12.239697,-4.878735,12.229996,-4.896137,0.075955,0.075955,0.021560,1,accepted
1784368139.672128,direct1m_01,101,1694,1,APPROACH,TO_1M,7.496975,7.681474,0.004499,-0.158570,12.229996,-4.896137,12.236839,-4.875519,12.230520,-4.894557,0.076633,0.076633,0.021724,1,accepted
1784368139.722230,direct1m_01,101,1695,1,APPROACH,TO_1M,7.474978,7.670580,0.015602,-0.151179,12.230520,-4.894557,12.227265,-4.869227,12.230277,-4.892665,0.074694,0.074694,0.025538,1,accepted
1784368139.788756,direct1m_01,101,1696,1,APPROACH,TO_1M,7.451488,7.657294,0.025807,-0.146397,12.230277,-4.892665,12.217878,-4.862769,12.229357,-4.890447,0.074180,0.074180,0.032365,1,accepted
1784368139.854875,direct1m_01,101,1697,1,APPROACH,TO_1M,7.512565,7.644992,0.047572,-0.141568,12.229357,-4.890447,12.279981,-4.898154,12.233089,-4.891015,0.073711,0.073711,0.051207,1,accepted
1784368139.943349,direct1m_01,101,1698,1,APPROACH,TO_1M,7.488256,7.633967,0.034288,-0.141883,12.233089,-4.891015,12.272251,-4.892028,12.236021,-4.891091,0.074875,0.074875,0.039175,1,accepted
1784368140.013942,direct1m_01,101,1699,1,APPROACH,TO_1M,7.462013,7.625366,0.016647,-0.135664,12.236021,-4.891091,12.259530,-4.883937,12.237775,-4.890557,0.074620,0.074620,0.024573,1,accepted
1784368140.086367,direct1m_01,101,1700,1,APPROACH,TO_1M,7.468617,7.617378,0.031239,-0.131229,12.237775,-4.890557,12.273566,-4.891316,12.240443,-4.890614,0.074531,0.074531,0.035798,1,accepted
1784368140.167114,direct1m_01,101,1701,1,APPROACH,TO_1M,7.405385,7.609626,0.024241,-0.127820,12.240443,-4.890614,12.228142,-4.863714,12.239520,-4.888595,0.075035,0.075035,0.029579,1,accepted
1784368140.238028,direct1m_01,101,1702,1,APPROACH,TO_1M,7.414405,7.595408,0.001003,-0.123159,12.239520,-4.888595,12.246938,-4.874018,12.240075,-4.887505,0.074780,0.074780,0.016356,1,accepted
1784368140.308293,direct1m_01,101,1703,1,APPROACH,TO_1M,7.413795,7.586429,0.007366,-0.116999,12.240075,-4.887505,12.254288,-4.877889,12.241134,-4.886789,0.074515,0.074515,0.017161,1,accepted
1784368140.553957,direct1m_01,101,1704,1,APPROACH,TO_1M,7.375484,7.552473,0.003012,-0.114511,12.241134,-4.886789,12.251403,-4.875320,12.242021,-4.885798,0.086399,0.086399,0.015395,1,accepted
1784368140.644390,direct1m_01,101,1705,1,APPROACH,TO_1M,7.356122,7.540693,0.004571,-0.103994,12.242021,-4.885798,12.245045,-4.871692,12.242280,-4.884588,0.085740,0.085740,0.014426,1,accepted
1784368140.724117,direct1m_01,101,1706,1,APPROACH,TO_1M,7.399903,7.524934,0.054969,-0.092359,12.242280,-4.884588,12.295793,-4.902088,12.246800,-4.886066,0.084457,0.084457,0.056301,1,accepted
1784368140.794269,direct1m_01,101,1707,1,APPROACH,TO_1M,7.329676,7.518748,0.009072,-0.082055,12.246800,-4.886066,12.244472,-4.872185,12.246607,-4.884918,0.082725,0.082725,0.014075,1,accepted
1784368140.867116,direct1m_01,101,1708,1,APPROACH,TO_1M,7.279162,7.505751,0.046589,-0.075015,12.246607,-4.884918,12.211508,-4.852753,12.243748,-4.882298,0.081448,0.081448,0.047608,1,accepted
1784368140.943128,direct1m_01,101,1709,1,APPROACH,TO_1M,7.280268,7.486810,0.026542,-0.067000,12.243748,-4.882298,12.225369,-4.861249,12.242267,-4.880602,0.080589,0.080589,0.027944,1,accepted
1784368141.008270,direct1m_01,101,1710,1,APPROACH,TO_1M,7.307009,7.474266,0.012743,-0.063513,12.242267,-4.880602,12.257458,-4.879968,12.243469,-4.880552,0.079112,0.079112,0.015204,1,accepted
1784368141.083426,direct1m_01,101,1711,1,APPROACH,TO_1M,7.251318,7.463733,0.032414,-0.062288,12.243469,-4.880552,12.219722,-4.857050,12.241604,-4.878706,0.078551,0.078551,0.033410,1,accepted
1784368141.160669,direct1m_01,101,1712,1,APPROACH,TO_1M,7.253568,7.451324,0.017756,-0.062426,12.241604,-4.878706,12.230473,-4.862671,12.240733,-4.877451,0.078217,0.078217,0.019520,1,accepted
1784368141.244644,direct1m_01,101,1713,1,APPROACH,TO_1M,7.280431,7.436059,0.024372,-0.063815,12.240733,-4.877451,12.265924,-4.882761,12.242708,-4.877868,0.078401,0.078401,0.025745,1,accepted
1784368141.303796,direct1m_01,101,1714,1,APPROACH,TO_1M,7.288910,7.426841,0.042069,-0.063139,12.242708,-4.877868,12.283069,-4.892294,12.245809,-4.878976,0.076837,0.076837,0.042862,1,accepted
1784368141.378745,direct1m_01,101,1715,1,APPROACH,TO_1M,7.276243,7.420265,0.035978,-0.063698,12.245809,-4.878976,12.280964,-4.890243,12.248502,-4.879839,0.076601,0.076601,0.036916,1,accepted
1784368141.467372,direct1m_01,101,1716,1,APPROACH,TO_1M,7.249778,7.408797,0.020982,-0.065244,12.248502,-4.879839,12.270855,-4.883297,12.250231,-4.880107,0.077350,0.077350,0.022619,1,accepted
1784368141.520277,direct1m_01,101,1717,1,APPROACH,TO_1M,7.212900,7.398752,0.005852,-0.065073,12.250231,-4.880107,12.249494,-4.869896,12.250176,-4.879336,0.075503,0.075503,0.010237,1,accepted
1784368141.593079,direct1m_01,101,1718,1,APPROACH,TO_1M,7.178366,7.387849,0.029483,-0.063884,12.250176,-4.879336,12.229039,-4.857198,12.248584,-4.877668,0.075313,0.075313,0.030608,1,accepted
1784368141.658421,direct1m_01,101,1719,1,APPROACH,TO_1M,7.152842,7.370542,0.037700,-0.065155,12.248584,-4.877668,12.220463,-4.851203,12.246485,-4.875693,0.074629,0.074629,0.038616,1,accepted
1784368141.735974,direct1m_01,101,1720,1,APPROACH,TO_1M,7.155379,7.355722,0.020343,-0.066613,12.246485,-4.875693,12.233376,-4.857948,12.245503,-4.874364,0.074896,0.074896,0.022063,1,accepted
1784368141.810761,direct1m_01,101,1721,1,APPROACH,TO_1M,7.150129,7.342486,0.012357,-0.070443,12.245503,-4.874364,12.239504,-4.860291,12.245054,-4.873310,0.074931,0.074931,0.015299,1,accepted
1784368141.872757,direct1m_01,101,1722,1,APPROACH,TO_1M,7.167621,7.331560,0.016061,-0.072973,12.245054,-4.873310,12.263636,-4.873503,12.246430,-4.873324,0.074067,0.074067,0.018583,1,accepted
1784368141.945460,direct1m_01,101,1723,1,APPROACH,TO_1M,7.155589,7.319219,0.016370,-0.079692,12.246430,-4.873324,12.265710,-4.872957,12.247858,-4.873297,0.074077,0.074077,0.019283,1,accepted
1784368142.028317,direct1m_01,101,1724,1,APPROACH,TO_1M,7.103142,7.311428,0.028286,-0.079743,12.247858,-4.873297,12.228772,-4.850081,12.246431,-4.871560,0.074793,0.074793,0.030054,1,accepted
1784368142.095340,direct1m_01,101,1725,1,APPROACH,TO_1M,7.093988,7.299246,0.025258,-0.081259,12.246431,-4.871560,12.230040,-4.849741,12.245213,-4.869939,0.074302,0.074302,0.027290,1,accepted
1784368142.160063,direct1m_01,101,1726,1,APPROACH,TO_1M,7.105812,7.284889,0.000923,-0.084490,12.245213,-4.869939,12.251513,-4.861189,12.245677,-4.869294,0.073718,0.073718,0.010783,1,accepted
1784368142.240584,direct1m_01,101,1727,1,APPROACH,TO_1M,7.102601,7.276265,0.006336,-0.084927,12.245677,-4.869294,12.256650,-4.863280,12.246493,-4.868847,0.074322,0.074322,0.012513,1,accepted
1784368142.310132,direct1m_01,101,1728,1,APPROACH,TO_1M,7.090857,7.266919,0.003938,-0.087143,12.246493,-4.868847,12.255544,-4.861377,12.247163,-4.868294,0.074073,0.074073,0.011736,1,accepted
1784368142.378067,direct1m_01,101,1729,1,APPROACH,TO_1M,7.073948,7.254980,0.001032,-0.092740,12.247163,-4.868294,12.252303,-4.857686,12.247542,-4.867512,0.073749,0.073749,0.011788,1,accepted
1784368142.458984,direct1m_01,101,1730,1,APPROACH,TO_1M,7.053204,7.246341,0.013137,-0.094059,12.247542,-4.867512,12.242370,-4.850568,12.247158,-4.866251,0.074378,0.074378,0.017715,1,accepted
1784368142.526755,direct1m_01,101,1731,1,APPROACH,TO_1M,7.027700,7.235608,0.027908,-0.093642,12.247158,-4.866251,12.229273,-4.841791,12.245834,-4.864441,0.073998,0.073998,0.030301,1,accepted
1784368142.595554,direct1m_01,101,1732,1,APPROACH,TO_1M,7.002517,7.224911,0.042394,-0.090090,12.245834,-4.864441,12.215282,-4.832944,12.243581,-4.862119,0.073743,0.073743,0.043881,1,accepted
1784368142.689041,direct1m_01,101,1733,1,APPROACH,TO_1M,7.014775,7.209231,0.014456,-0.085665,12.243581,-4.862119,12.236715,-4.845452,12.243064,-4.860864,0.075251,0.075251,0.018026,1,accepted
1784368142.755304,direct1m_01,101,1734,1,APPROACH,TO_1M,6.977504,7.197886,0.040381,-0.078218,12.243064,-4.860864,12.213468,-4.831697,12.240855,-4.858687,0.074639,0.074639,0.041553,1,accepted
1784368142.821558,direct1m_01,101,1735,1,APPROACH,TO_1M,6.956351,7.185582,0.049231,-0.068398,12.240855,-4.858687,12.203032,-4.826035,12.238052,-4.856267,0.074113,0.074113,0.049968,1,accepted
1784368142.904842,direct1m_01,101,1736,1,APPROACH,TO_1M,6.948911,7.168464,0.039554,-0.059548,12.238052,-4.856267,12.207959,-4.829545,12.235800,-4.854267,0.074856,0.074856,0.040245,1,accepted
1784368142.971281,direct1m_01,101,1737,1,APPROACH,TO_1M,6.925542,7.154838,0.049296,-0.052971,12.235800,-4.854267,12.196927,-4.823243,12.232911,-4.851962,0.074315,0.074315,0.049735,1,accepted
1784368143.038949,direct1m_01,101,1738,1,APPROACH,TO_1M,6.962945,7.141843,0.001103,-0.046674,12.232911,-4.851962,12.236851,-4.847541,12.233202,-4.851635,0.073936,0.073936,0.005922,1,accepted
1784368143.126066,direct1m_01,101,1739,1,APPROACH,TO_1M,6.941182,7.128351,0.007169,-0.039853,12.233202,-4.851635,12.229608,-4.843695,12.232933,-4.851039,0.074972,0.074972,0.008715,1,accepted
1784368143.189856,direct1m_01,101,1740,1,APPROACH,TO_1M,6.941426,7.116699,0.004727,-0.031518,12.232933,-4.851039,12.239001,-4.850117,12.233383,-4.850971,0.074226,0.074226,0.006138,1,accepted
1784368143.257871,direct1m_01,101,1741,1,APPROACH,TO_1M,6.931892,7.106941,0.004951,-0.024153,12.233383,-4.850971,12.239171,-4.850952,12.233811,-4.850970,0.073884,0.073884,0.005788,1,accepted
1784368143.345803,direct1m_01,101,1742,1,APPROACH,TO_1M,6.914732,7.091930,0.002802,-0.013583,12.233811,-4.850970,12.237078,-4.850971,12.234056,-4.850970,0.074981,0.074981,0.003267,1,accepted
1784368143.396655,direct1m_01,101,1743,1,APPROACH,TO_1M,6.894210,7.079178,0.004968,-0.002253,12.234056,-4.850970,12.229941,-4.848172,12.233754,-4.850765,0.073333,0.073333,0.004975,1,accepted
1784368143.459774,direct1m_01,101,1744,1,APPROACH,TO_1M,6.878112,7.067227,0.009115,0.006457,12.233754,-4.850765,12.225532,-4.846751,12.233156,-4.850472,0.072774,0.072774,0.009149,1,accepted
1784368143.527888,direct1m_01,101,1745,1,APPROACH,TO_1M,6.876791,7.053146,0.003645,0.014679,12.233156,-4.850472,12.235348,-4.853899,12.233315,-4.850721,0.072643,0.072643,0.004068,1,accepted
1784368143.611074,direct1m_01,101,1746,1,APPROACH,TO_1M,6.851108,7.036852,0.005745,0.022779,12.233315,-4.850721,12.226950,-4.850158,12.232847,-4.850680,0.073590,0.073590,0.006389,1,accepted
1784368143.679625,direct1m_01,101,1747,1,APPROACH,TO_1M,6.794988,7.025172,0.050184,0.025826,12.232847,-4.850680,12.188213,-4.827523,12.229572,-4.848981,0.073375,0.073375,0.050283,1,accepted
1784368143.747165,direct1m_01,101,1748,1,APPROACH,TO_1M,6.790283,7.008912,0.038629,0.025724,12.229572,-4.848981,12.194851,-4.831762,12.227033,-4.847722,0.073117,0.073117,0.038756,1,accepted
1784368143.840274,direct1m_01,101,1749,1,APPROACH,TO_1M,6.821888,6.990900,0.010988,0.023500,12.227033,-4.847722,12.234970,-4.855844,12.227626,-4.848328,0.074692,0.074692,0.011356,1,accepted
1784368143.900426,direct1m_01,101,1750,1,APPROACH,TO_1M,6.757603,6.981580,0.043978,0.018068,12.227626,-4.848328,12.188809,-4.827540,12.224764,-4.846796,0.073733,0.073733,0.044032,1,accepted
1784368143.968810,direct1m_01,101,1751,1,APPROACH,TO_1M,6.801713,6.967136,0.014577,0.007439,12.224764,-4.846796,12.236788,-4.855086,12.225647,-4.847405,0.073486,0.073486,0.014605,1,accepted
1784368144.043580,direct1m_01,101,1752,1,APPROACH,TO_1M,6.775163,6.958652,0.003489,-0.004126,12.225647,-4.847405,12.222915,-4.845177,12.225446,-4.847241,0.073723,0.073723,0.003525,1,accepted
1784368144.115096,direct1m_01,101,1753,1,APPROACH,TO_1M,6.770119,6.944807,0.005312,-0.023121,12.225446,-4.847241,12.231443,-4.847576,12.225888,-4.847265,0.073696,0.073696,0.006006,1,accepted
1784368144.180787,direct1m_01,101,1754,1,APPROACH,TO_1M,6.758142,6.934326,0.003816,-0.039677,12.225888,-4.847265,12.231634,-4.845117,12.226309,-4.847108,0.073268,0.073268,0.006134,1,accepted
1784368144.253468,direct1m_01,101,1755,1,APPROACH,TO_1M,6.742091,6.924948,0.002857,-0.052010,12.226309,-4.847108,12.227101,-4.840250,12.226367,-4.846605,0.073388,0.073388,0.006904,1,accepted
1784368144.322210,direct1m_01,101,1756,1,APPROACH,TO_1M,6.722446,6.910320,0.007874,-0.066473,12.226367,-4.846605,12.223752,-4.835679,12.226175,-4.845805,0.073215,0.073215,0.011234,1,accepted
1784368144.390617,direct1m_01,101,1757,1,APPROACH,TO_1M,6.731744,6.897808,0.013936,-0.070799,12.226175,-4.845805,12.242515,-4.845681,12.227369,-4.845796,0.073043,0.073043,0.016341,1,accepted
1784368144.468690,direct1m_01,101,1758,1,APPROACH,TO_1M,6.710355,6.888153,0.002202,-0.073279,12.227369,-4.845796,12.233800,-4.839383,12.227842,-4.845324,0.073575,0.073575,0.009082,1,accepted
1784368144.537589,direct1m_01,101,1759,1,APPROACH,TO_1M,6.663368,6.876008,0.032639,-0.075518,12.227842,-4.845324,12.204546,-4.820740,12.226132,-4.843520,0.073387,0.073387,0.033868,1,accepted
1784368144.604017,direct1m_01,101,1760,1,APPROACH,TO_1M,6.635776,6.858536,0.042760,-0.079780,12.226132,-4.843520,12.194420,-4.813297,12.223816,-4.841312,0.073053,0.073053,0.043807,1,accepted
1784368144.672036,direct1m_01,101,1761,1,APPROACH,TO_1M,6.635721,6.845277,0.029556,-0.080845,12.223816,-4.841312,12.203478,-4.817800,12.222334,-4.839598,0.072876,0.072876,0.031088,1,accepted
1784368144.748290,direct1m_01,101,1762,1,APPROACH,TO_1M,6.625057,6.832256,0.027198,-0.082036,12.222334,-4.839598,12.204084,-4.817193,12.220996,-4.837956,0.073303,0.073303,0.028898,1,accepted
1784368144.818920,direct1m_01,101,1763,1,APPROACH,TO_1M,6.642026,6.817506,0.004521,-0.088137,12.220996,-4.837956,12.230286,-4.831309,12.221677,-4.837469,0.073275,0.073275,0.011423,1,accepted
1784368144.889289,direct1m_01,101,1764,1,APPROACH,TO_1M,6.619916,6.809308,0.009392,-0.090057,12.221677,-4.837469,12.219162,-4.823459,12.221492,-4.836443,0.073232,0.073232,0.014234,1,accepted
1784368144.955810,direct1m_01,101,1765,1,APPROACH,TO_1M,6.622964,6.799007,0.003957,-0.092151,12.221492,-4.836443,12.230534,-4.829124,12.222152,-4.835909,0.072927,0.072927,0.011632,1,accepted
1784368145.022185,direct1m_01,101,1766,1,APPROACH,TO_1M,6.618609,6.787053,0.011556,-0.096082,12.222152,-4.835909,12.237933,-4.832134,12.223298,-4.835635,0.072653,0.072653,0.016227,1,accepted
1784368145.095417,direct1m_01,101,1767,1,APPROACH,TO_1M,6.607076,6.779109,0.007967,-0.097273,12.223298,-4.835635,12.236073,-4.829899,12.224230,-4.835217,0.072899,0.072899,0.014003,1,accepted
1784368145.170114,direct1m_01,101,1768,1,APPROACH,TO_1M,6.589988,6.769461,0.000527,-0.098328,12.224230,-4.835217,12.230690,-4.825547,12.224703,-4.834509,0.073213,0.073213,0.011630,1,accepted
1784368145.242137,direct1m_01,101,1769,1,APPROACH,TO_1M,6.570293,6.756504,0.006211,-0.097967,12.224703,-4.834509,12.225365,-4.821414,12.224751,-4.833549,0.073295,0.073295,0.013111,1,accepted
1784368145.304309,direct1m_01,101,1770,1,APPROACH,TO_1M,6.550542,6.746967,0.016425,-0.094544,12.224751,-4.833549,12.216455,-4.815532,12.224148,-4.832240,0.072675,0.072675,0.019835,1,accepted
1784368145.377687,direct1m_01,101,1771,1,APPROACH,TO_1M,6.560095,6.735307,0.004788,-0.090086,12.224148,-4.832240,12.233731,-4.825658,12.224847,-4.831760,0.072928,0.072928,0.011625,1,accepted
1784368145.443652,direct1m_01,101,1772,1,APPROACH,TO_1M,6.539731,6.726229,0.006498,-0.086312,12.224847,-4.831760,12.224537,-4.819730,12.224825,-4.830886,0.072625,0.072625,0.012033,1,accepted
1784368145.510501,direct1m_01,101,1773,1,APPROACH,TO_1M,6.519402,6.712080,0.012678,-0.083743,12.224825,-4.830886,12.219066,-4.815932,12.224407,-4.829803,0.072427,0.072427,0.016024,1,accepted
1784368145.584224,direct1m_01,101,1774,1,APPROACH,TO_1M,6.471645,6.700164,0.048519,-0.085377,12.224407,-4.829803,12.188088,-4.796129,12.221766,-4.827354,0.072738,0.072738,0.049528,1,accepted
1784368145.654406,direct1m_01,101,1775,1,APPROACH,TO_1M,6.446125,6.686945,0.060820,-0.089089,12.221766,-4.827354,12.175149,-4.786942,12.218374,-4.824413,0.072760,0.072760,0.061694,1,accepted
1784368145.720103,direct1m_01,101,1776,1,APPROACH,TO_1M,6.430794,6.668601,0.057807,-0.096057,12.218374,-4.824413,12.174754,-4.784880,12.215213,-4.821549,0.072462,0.072462,0.058869,1,accepted
1784368145.798553,direct1m_01,101,1777,1,APPROACH,TO_1M,6.467752,6.653148,0.005397,-0.103498,12.215213,-4.821549,12.216844,-4.808480,12.215332,-4.820593,0.073100,0.073100,0.013170,1,accepted
1784368145.869312,direct1m_01,101,1778,1,APPROACH,TO_1M,6.477557,6.642756,0.014801,-0.112235,12.215332,-4.820593,12.234748,-4.817157,12.216752,-4.820342,0.073110,0.073110,0.019717,1,accepted
1784368145.933159,direct1m_01,101,1779,1,APPROACH,TO_1M,6.450333,6.632232,0.001899,-0.120186,12.216752,-4.820342,12.222363,-4.807473,12.217159,-4.819407,0.072633,0.072633,0.014039,1,accepted
1784368146.012026,direct1m_01,101,1780,1,APPROACH,TO_1M,6.443557,6.617540,0.006017,-0.134425,12.217159,-4.819407,12.230380,-4.809274,12.218128,-4.818665,0.073276,0.073276,0.016658,1,accepted
1784368146.082812,direct1m_01,101,1781,1,APPROACH,TO_1M,6.431004,6.607767,0.003236,-0.141017,12.218128,-4.818665,12.229359,-4.806460,12.218951,-4.817771,0.073265,0.073265,0.016586,1,accepted
1784368146.149049,direct1m_01,101,1782,1,APPROACH,TO_1M,6.415035,6.596158,0.001123,-0.147584,12.218951,-4.817771,12.226841,-4.802683,12.219526,-4.816670,0.072934,0.072934,0.017026,1,accepted
1784368146.237178,direct1m_01,101,1783,1,APPROACH,TO_1M,6.396626,6.581168,0.004542,-0.151469,12.219526,-4.816670,12.224714,-4.799460,12.219911,-4.815393,0.074183,0.074183,0.017976,1,accepted
1784368146.296248,direct1m_01,101,1784,1,APPROACH,TO_1M,6.402929,6.570379,0.012550,-0.145823,12.219911,-4.815393,12.239348,-4.807655,12.221334,-4.814827,0.073221,0.073221,0.020921,1,accepted
1784368146.364793,direct1m_01,101,1785,1,APPROACH,TO_1M,6.381845,6.559359,0.002487,-0.137450,12.221334,-4.814827,12.231666,-4.802697,12.222089,-4.813941,0.073058,0.073058,0.015934,1,accepted
1784368146.446899,direct1m_01,101,1786,1,APPROACH,TO_1M,6.360096,6.544798,0.004701,-0.124587,12.222089,-4.813941,12.225506,-4.799352,12.222342,-4.812863,0.073869,0.073869,0.014983,1,accepted
1784368146.514192,direct1m_01,101,1787,1,APPROACH,TO_1M,6.312219,6.534292,0.042073,-0.110850,12.222342,-4.812863,12.193042,-4.780145,12.220187,-4.810457,0.073526,0.073526,0.043920,1,accepted
1784368146.578385,direct1m_01,101,1788,1,APPROACH,TO_1M,6.281592,6.519762,0.058171,-0.094831,12.220187,-4.810457,12.176201,-4.770905,12.216976,-4.807570,0.073013,0.073013,0.059154,1,accepted
1784368146.681683,direct1m_01,101,1789,1,APPROACH,TO_1M,6.326169,6.501144,0.005025,-0.079892,12.216976,-4.807570,12.226000,-4.802466,12.217655,-4.807185,0.075314,0.075314,0.010368,1,accepted
1784368146.740298,direct1m_01,101,1790,1,APPROACH,TO_1M,6.330215,6.491180,0.019035,-0.069040,12.217655,-4.807185,12.237976,-4.810462,12.219162,-4.807428,0.074154,0.074154,0.020584,1,accepted
1784368146.805672,direct1m_01,101,1791,1,APPROACH,TO_1M,6.326896,6.480364,0.026532,-0.063107,12.219162,-4.807428,12.245516,-4.815212,12.221103,-4.808001,0.073641,0.073641,0.027479,1,accepted
1784368146.886794,direct1m_01,101,1792,1,APPROACH,TO_1M,6.317425,6.466419,0.031006,-0.059075,12.221103,-4.808001,12.251021,-4.818535,12.223326,-4.808784,0.074302,0.074302,0.031718,1,accepted
1784368146.937773,direct1m_01,101,1793,1,APPROACH,TO_1M,6.302420,6.457255,0.025165,-0.056999,12.223326,-4.808784,12.248136,-4.816476,12.225131,-4.809344,0.072752,0.072752,0.025975,1,accepted
1784368147.005921,direct1m_01,101,1794,1,APPROACH,TO_1M,6.284318,6.445641,0.018677,-0.057060,12.225131,-4.809344,12.244408,-4.813650,12.226531,-4.809656,0.072629,0.072629,0.019752,1,accepted
1784368147.072878,direct1m_01,101,1795,1,APPROACH,TO_1M,6.263323,6.434898,0.008426,-0.058032,12.226531,-4.809656,12.237125,-4.808516,12.227298,-4.809574,0.072438,0.072438,0.010655,1,accepted
1784368147.151427,direct1m_01,101,1796,1,APPROACH,TO_1M,6.223686,6.417846,0.014160,-0.063127,12.227298,-4.809574,12.218943,-4.796135,12.226688,-4.808592,0.073088,0.073088,0.015824,1,accepted
1784368147.224283,direct1m_01,101,1797,1,APPROACH,TO_1M,6.169803,6.402482,0.052679,-0.071325,12.226688,-4.808592,12.186001,-4.774201,12.223708,-4.806073,0.073246,0.073246,0.053274,1,accepted
1784368147.291242,direct1m_01,101,1798,1,APPROACH,TO_1M,6.141912,6.386057,0.064144,-0.079804,12.223708,-4.806073,12.173749,-4.764878,12.220062,-4.803067,0.072967,0.072967,0.064752,1,accepted
1784368147.371609,direct1m_01,101,1799,1,APPROACH,TO_1M,6.119267,6.363883,0.064616,-0.095174,12.220062,-4.803067,12.170594,-4.760185,12.216418,-4.799908,0.073670,0.073670,0.065467,1,accepted
1784368147.436202,direct1m_01,101,1800,1,APPROACH,TO_1M,6.120754,6.345786,0.045032,-0.106435,12.216418,-4.799908,12.184272,-4.766255,12.214066,-4.797445,0.073165,0.073165,0.046539,1,accepted
1784368147.503489,direct1m_01,101,1801,1,APPROACH,TO_1M,6.131320,6.331295,0.019974,-0.114076,12.214066,-4.797445,12.203686,-4.776241,12.213309,-4.795899,0.072923,0.072923,0.023609,1,accepted
1784368147.583916,direct1m_01,101,1802,1,APPROACH,TO_1M,6.158514,6.317423,0.021091,-0.119743,12.213309,-4.795899,12.238203,-4.795737,12.215142,-4.795887,0.073636,0.073636,0.024895,1,accepted
1784368147.653555,direct1m_01,101,1803,1,APPROACH,TO_1M,6.160389,6.303419,0.036970,-0.122426,12.215142,-4.795887,12.253691,-4.803840,12.217975,-4.796472,0.073491,0.073491,0.039360,1,accepted
1784368147.720402,direct1m_01,101,1804,1,APPROACH,TO_1M,6.133705,6.295004,0.018701,-0.119680,12.217975,-4.796472,12.240807,-4.795110,12.219646,-4.796372,0.073171,0.073171,0.022872,1,accepted
1784368147.800349,direct1m_01,101,1805,1,APPROACH,TO_1M,6.096620,6.283387,0.006767,-0.115204,12.219646,-4.796372,12.220536,-4.782074,12.219711,-4.795317,0.073814,0.073814,0.014326,1,accepted
1784368147.892066,direct1m_01,101,1806,1,APPROACH,TO_1M,6.075762,6.266392,0.010630,-0.107794,12.219711,-4.795317,12.216874,-4.779705,12.219498,-4.794143,0.075189,0.075189,0.015867,1,accepted
1784368147.956254,direct1m_01,101,1807,1,APPROACH,TO_1M,6.053624,6.253864,0.020240,-0.100259,12.219498,-4.794143,12.208046,-4.774196,12.218646,-4.792658,0.074442,0.074442,0.023001,1,accepted
1784368148.028146,direct1m_01,101,1808,1,APPROACH,TO_1M,6.030833,6.238925,0.028092,-0.091880,12.218646,-4.792658,12.200027,-4.769373,12.217261,-4.790927,0.074340,0.074340,0.029813,1,accepted
1784368148.105324,direct1m_01,101,1809,1,APPROACH,TO_1M,6.006872,6.225103,0.038231,-0.085539,12.217261,-4.790927,12.189654,-4.762904,12.215201,-4.788836,0.074623,0.074623,0.039338,1,accepted
1784368148.178692,direct1m_01,101,1810,1,APPROACH,TO_1M,5.976342,6.205869,0.049527,-0.084220,12.215201,-4.788836,12.177913,-4.754997,12.212420,-4.786312,0.074598,0.074598,0.050353,1,accepted
1784368148.265024,direct1m_01,101,1811,1,APPROACH,TO_1M,5.969098,6.186476,0.037378,-0.084841,12.212420,-4.786312,12.185490,-4.758828,12.210387,-4.784237,0.075484,0.075484,0.038478,1,accepted
1784368148.328946,direct1m_01,101,1812,1,APPROACH,TO_1M,5.987290,6.171526,0.004236,-0.088148,12.210387,-4.784237,12.211801,-4.773940,12.210493,-4.783468,0.074675,0.074675,0.010394,1,accepted
1784368148.396210,direct1m_01,101,1813,1,APPROACH,TO_1M,5.997617,6.160736,0.016880,-0.090815,12.210493,-4.783468,12.229991,-4.784081,12.211940,-4.783514,0.074216,0.074216,0.019508,1,accepted
1784368148.471798,direct1m_01,101,1814,1,APPROACH,TO_1M,5.997692,6.150080,0.027612,-0.095992,12.211940,-4.783514,12.240839,-4.789336,12.214090,-4.783947,0.074405,0.074405,0.029480,1,accepted
1784368148.543541,direct1m_01,101,1815,1,APPROACH,TO_1M,5.990779,6.141569,0.029210,-0.098561,12.214090,-4.783947,12.244484,-4.790396,12.216348,-4.784426,0.074299,0.074299,0.031071,1,accepted
1784368148.612619,direct1m_01,101,1816,1,APPROACH,TO_1M,5.978383,6.128363,0.030019,-0.100503,12.216348,-4.784426,12.247525,-4.791154,12.218656,-4.784924,0.074020,0.074020,0.031895,1,accepted
1784368148.681868,direct1m_01,101,1817,1,APPROACH,TO_1M,5.962343,6.118109,0.024234,-0.097775,12.218656,-4.784924,12.244755,-4.788866,12.220582,-4.785215,0.073794,0.073794,0.026395,1,accepted
1784368148.761163,direct1m_01,101,1818,1,APPROACH,TO_1M,5.943783,6.108798,0.014985,-0.093680,12.220582,-4.785215,12.238589,-4.784659,12.221920,-4.785174,0.074303,0.074303,0.018015,1,accepted
1784368148.829697,direct1m_01,101,1819,1,APPROACH,TO_1M,5.922541,6.093790,0.008751,-0.088261,12.221920,-4.785174,12.234317,-4.781837,12.222837,-4.784927,0.073986,0.073986,0.012838,1,accepted
1784368148.899750,direct1m_01,101,1820,1,APPROACH,TO_1M,5.925101,6.081307,0.023794,-0.077551,12.222837,-4.784927,12.247388,-4.790532,12.224649,-4.785340,0.073820,0.073820,0.025182,1,accepted
1784368148.971491,direct1m_01,101,1821,1,APPROACH,TO_1M,5.886810,6.071307,0.004497,-0.065587,12.224649,-4.785340,12.224515,-4.777066,12.224639,-4.784730,0.073798,0.073798,0.008276,1,accepted
1784368149.037539,direct1m_01,101,1822,1,APPROACH,TO_1M,5.834994,6.057430,0.042435,-0.053794,12.224639,-4.784730,12.191656,-4.757436,12.222219,-4.782727,0.073379,0.073379,0.042812,1,accepted
1784368149.113341,direct1m_01,101,1823,1,APPROACH,TO_1M,5.818406,6.037228,0.038822,-0.042817,12.222219,-4.782727,12.191685,-4.758333,12.219969,-4.780929,0.073702,0.073702,0.039081,1,accepted
1784368149.187434,direct1m_01,101,1824,1,APPROACH,TO_1M,5.802295,6.022453,0.040158,-0.037626,12.219969,-4.780929,12.188011,-4.756294,12.217608,-4.779110,0.073860,0.073860,0.040351,1,accepted
1784368149.264205,direct1m_01,101,1825,1,APPROACH,TO_1M,5.803563,6.002671,0.019108,-0.033352,12.217608,-4.779110,12.203260,-4.766017,12.216544,-4.778138,0.074179,0.074179,0.019424,1,accepted
1784368149.336772,direct1m_01,101,1826,1,APPROACH,TO_1M,5.794118,5.988120,0.014002,-0.034100,12.216544,-4.778138,12.206564,-4.767692,12.215804,-4.777364,0.074166,0.074166,0.014447,1,accepted
1784368149.414516,direct1m_01,101,1827,1,APPROACH,TO_1M,5.771130,5.975921,0.024791,-0.031894,12.215804,-4.777364,12.196552,-4.761395,12.214369,-4.776174,0.074514,0.074514,0.025013,1,accepted
1784368149.486036,direct1m_01,101,1828,1,APPROACH,TO_1M,5.749222,5.958683,0.029461,-0.030601,12.214369,-4.776174,12.191085,-4.757847,12.212638,-4.774811,0.074376,0.074376,0.029631,1,accepted
1784368149.550514,direct1m_01,101,1829,1,APPROACH,TO_1M,5.731769,5.949117,0.037348,-0.026605,12.212638,-4.774811,12.182446,-4.752654,12.210410,-4.773176,0.073765,0.073765,0.037450,1,accepted
1784368149.634459,direct1m_01,101,1830,1,APPROACH,TO_1M,5.717346,5.932363,0.035017,-0.017886,12.210410,-4.773176,12.181713,-4.753025,12.208270,-4.771673,0.074604,0.074604,0.035066,1,accepted
1784368149.700653,direct1m_01,101,1831,1,APPROACH,TO_1M,5.708545,5.919228,0.030683,-0.008430,12.208270,-4.771673,12.182726,-4.754651,12.206377,-4.770412,0.074080,0.074080,0.030696,1,accepted
1784368149.771200,direct1m_01,101,1832,1,APPROACH,TO_1M,5.693919,5.908208,0.034288,-0.000975,12.206377,-4.770412,12.177370,-4.752129,12.204233,-4.769060,0.073935,0.073935,0.034289,1,accepted
1784368149.852490,direct1m_01,101,1833,1,APPROACH,TO_1M,5.689324,5.893649,0.024325,0.004683,12.204233,-4.769060,12.183361,-4.756558,12.202676,-4.768128,0.074564,0.074564,0.024330,1,accepted
1784368149.923190,direct1m_01,101,1834,1,APPROACH,TO_1M,5.698839,5.882404,0.003565,0.008706,12.202676,-4.768128,12.199180,-4.766993,12.202416,-4.768044,0.074362,0.074362,0.003676,1,accepted
1784368149.994310,direct1m_01,101,1835,1,APPROACH,TO_1M,5.699385,5.873811,0.005574,0.009360,12.202416,-4.768044,12.206631,-4.771815,12.202729,-4.768324,0.074218,0.074218,0.005656,1,accepted
1784368150.077812,direct1m_01,101,1836,1,APPROACH,TO_1M,5.691189,5.861675,0.009514,0.007003,12.202729,-4.768324,12.210413,-4.773980,12.203305,-4.768748,0.074959,0.074959,0.009541,1,accepted
1784368150.147194,direct1m_01,101,1837,1,APPROACH,TO_1M,5.676092,5.851959,0.004133,0.006559,12.203305,-4.768748,12.206452,-4.771508,12.203540,-4.768954,0.074609,0.074609,0.004187,1,accepted
1784368150.215816,direct1m_01,101,1838,1,APPROACH,TO_1M,5.657184,5.843061,0.005878,0.008917,12.203540,-4.768954,12.198075,-4.766605,12.203134,-4.768779,0.074254,0.074254,0.005948,1,accepted
1784368150.303615,direct1m_01,101,1839,1,APPROACH,TO_1M,5.637780,5.832035,0.014255,0.013400,12.203134,-4.768779,12.190328,-4.762371,12.202170,-4.768297,0.075290,0.075290,0.014320,1,accepted
1784368150.370564,direct1m_01,101,1840,1,APPROACH,TO_1M,5.618161,5.817558,0.019398,0.021828,12.202170,-4.768297,12.184553,-4.759882,12.200854,-4.767668,0.074722,0.074722,0.019523,1,accepted
1784368150.437578,direct1m_01,101,1841,1,APPROACH,TO_1M,5.600204,5.806811,0.026607,0.027204,12.200854,-4.767668,12.176840,-4.755886,12.199071,-4.766793,0.074239,0.074239,0.026748,1,accepted
1784368150.531495,direct1m_01,101,1842,1,APPROACH,TO_1M,5.594849,5.791466,0.016617,0.030599,12.199071,-4.766793,12.183346,-4.760598,12.197880,-4.766324,0.075705,0.075705,0.016901,1,accepted
1784368150.577621,direct1m_01,101,1843,1,APPROACH,TO_1M,5.581742,5.779514,0.017772,0.030249,12.197880,-4.766324,12.181199,-4.759481,12.196652,-4.765820,0.073620,0.073620,0.018031,1,accepted
1784368150.664570,direct1m_01,101,1844,1,APPROACH,TO_1M,5.582622,5.769011,0.006390,0.026159,12.196652,-4.765820,12.189839,-4.764663,12.196143,-4.765734,0.074689,0.074689,0.006911,1,accepted
1784368150.724437,direct1m_01,101,1845,1,APPROACH,TO_1M,5.583672,5.758148,0.005524,0.020369,12.196143,-4.765734,12.199740,-4.770400,12.196409,-4.766078,0.073711,0.073711,0.005891,1,accepted
1784368150.807115,direct1m_01,101,1846,1,APPROACH,TO_1M,5.578283,5.745674,0.012610,0.009504,12.196409,-4.766078,12.206593,-4.773574,12.197167,-4.766636,0.074468,0.074468,0.012646,1,accepted
1784368150.882812,direct1m_01,101,1847,1,APPROACH,TO_1M,5.567293,5.737577,0.009717,0.000239,12.197167,-4.766636,12.205392,-4.771810,12.197781,-4.767022,0.074629,0.074629,0.009717,1,accepted
1784368150.950672,direct1m_01,101,1848,1,APPROACH,TO_1M,5.552408,5.727806,0.004602,-0.012101,12.197781,-4.767022,12.202324,-4.768437,12.198118,-4.767127,0.074219,0.074219,0.004759,1,accepted
1784368151.033866,direct1m_01,101,1849,1,APPROACH,TO_1M,5.535173,5.714845,0.000328,-0.024786,12.198118,-4.767127,12.199707,-4.765205,12.198237,-4.766983,0.074939,0.074939,0.002494,1,accepted
1784368151.102874,direct1m_01,101,1850,1,APPROACH,TO_1M,5.515450,5.705566,0.010117,-0.031518,12.198237,-4.766983,12.191324,-4.758959,12.197722,-4.766385,0.074565,0.074565,0.010592,1,accepted
1784368151.170024,direct1m_01,101,1851,1,APPROACH,TO_1M,5.515792,5.694075,0.001717,-0.040675,12.197722,-4.766385,12.201322,-4.763868,12.197988,-4.766198,0.074113,0.074113,0.004392,1,accepted
1784368151.247660,direct1m_01,101,1852,1,APPROACH,TO_1M,5.493385,5.684742,0.011357,-0.048527,12.197988,-4.766198,12.190914,-4.756096,12.197462,-4.765446,0.074461,0.074461,0.012333,1,accepted
1784368151.338384,direct1m_01,101,1853,1,APPROACH,TO_1M,5.467270,5.670383,0.023113,-0.059000,12.197462,-4.765446,12.180963,-4.748243,12.196213,-4.764144,0.075672,0.075672,0.023836,1,accepted
1784368151.395839,direct1m_01,101,1854,1,APPROACH,TO_1M,5.474052,5.657810,0.003758,-0.062828,12.196213,-4.764144,12.196320,-4.756893,12.196221,-4.763605,0.074385,0.074385,0.007252,1,accepted
1784368151.472599,direct1m_01,101,1855,1,APPROACH,TO_1M,5.481575,5.648077,0.013498,-0.062002,12.196221,-4.763605,12.210909,-4.765583,12.197317,-4.763752,0.074628,0.074628,0.014821,1,accepted
1784368151.541375,direct1m_01,101,1856,1,APPROACH,TO_1M,5.465645,5.635517,0.010128,-0.055356,12.197317,-4.763752,12.208794,-4.764511,12.198170,-4.763809,0.074285,0.074285,0.011501,1,accepted
1784368151.610285,direct1m_01,101,1857,1,APPROACH,TO_1M,5.459609,5.625188,0.014421,-0.045150,12.198170,-4.763809,12.212747,-4.767703,12.199248,-4.764097,0.073997,0.073997,0.015088,1,accepted
1784368151.684336,direct1m_01,101,1858,1,APPROACH,TO_1M,5.461857,5.616553,0.025304,-0.033153,12.199248,-4.764097,12.222421,-4.774769,12.200966,-4.764888,0.074111,0.074111,0.025512,1,accepted
1784368151.756983,direct1m_01,101,1859,1,APPROACH,TO_1M,5.444811,5.604498,0.020313,-0.014577,12.200966,-4.764888,12.218939,-4.774460,12.202298,-4.765597,0.074110,0.074110,0.020363,1,accepted
1784368151.829898,direct1m_01,101,1860,1,APPROACH,TO_1M,5.424855,5.594772,0.010083,0.001523,12.202298,-4.765597,12.210764,-4.771076,12.202925,-4.766003,0.074126,0.074126,0.010084,1,accepted
1784368151.899957,direct1m_01,101,1861,1,APPROACH,TO_1M,5.415809,5.585661,0.010148,0.013124,12.202925,-4.766003,12.210846,-4.772475,12.203511,-4.766482,0.073941,0.073941,0.010228,1,accepted
1784368151.973412,direct1m_01,101,1862,1,APPROACH,TO_1M,5.393312,5.575418,0.002106,0.024906,12.203511,-4.766482,12.200440,-4.767418,12.203284,-4.766551,0.074021,0.074021,0.003210,1,accepted
1784368152.040796,direct1m_01,101,1863,1,APPROACH,TO_1M,5.382275,5.562127,0.000148,0.033786,12.203284,-4.766551,12.201668,-4.769409,12.203165,-4.766762,0.073663,0.073663,0.003283,1,accepted
1784368152.128729,direct1m_01,101,1864,1,APPROACH,TO_1M,5.372000,5.549683,0.002317,0.039105,12.203165,-4.766762,12.203117,-4.771202,12.203161,-4.767094,0.074795,0.074795,0.004441,1,accepted
1784368152.181195,direct1m_01,101,1865,1,APPROACH,TO_1M,5.370691,5.543866,0.006825,0.036825,12.203161,-4.767094,12.207052,-4.773738,12.203446,-4.767581,0.073284,0.073284,0.007700,1,accepted
1784368152.253797,direct1m_01,101,1866,1,APPROACH,TO_1M,5.365456,5.532402,0.013054,0.029777,12.203446,-4.767581,12.212981,-4.776950,12.204146,-4.768268,0.073395,0.073395,0.013368,1,accepted
1784368152.322852,direct1m_01,101,1867,1,APPROACH,TO_1M,5.361002,5.524649,0.016353,0.018788,12.204146,-4.768268,12.217041,-4.778487,12.205091,-4.769017,0.073244,0.073244,0.016453,1,accepted
1784368152.395720,direct1m_01,101,1868,1,APPROACH,TO_1M,5.353432,5.515548,0.017884,0.002885,12.205091,-4.769017,12.220098,-4.778748,12.206192,-4.769731,0.073382,0.073382,0.017886,1,accepted
1784368152.467174,direct1m_01,101,1869,1,APPROACH,TO_1M,5.347258,5.503392,0.023866,-0.019854,12.206192,-4.769731,12.227429,-4.780786,12.207751,-4.770542,0.073401,0.073401,0.023942,1,accepted
1784368152.540945,direct1m_01,101,1870,1,APPROACH,TO_1M,5.337881,5.495307,0.022574,-0.032510,12.207751,-4.770542,12.228537,-4.779885,12.209280,-4.771230,0.073577,0.073577,0.022790,1,accepted
1784368152.614299,direct1m_01,101,1871,1,APPROACH,TO_1M,5.323934,5.485452,0.018481,-0.045221,12.209280,-4.771230,12.227242,-4.777372,12.210604,-4.771683,0.073703,0.073703,0.018983,1,accepted
1784368152.676974,direct1m_01,101,1872,1,APPROACH,TO_1M,5.306989,5.476530,0.010458,-0.052640,12.210604,-4.771683,12.222140,-4.772971,12.211447,-4.771777,0.073061,0.073061,0.011608,1,accepted
1784368152.748013,direct1m_01,101,1873,1,APPROACH,TO_1M,5.289080,5.462485,0.006595,-0.057449,12.211447,-4.771777,12.219946,-4.770638,12.212068,-4.771693,0.073094,0.073094,0.008575,1,accepted
1784368152.829478,direct1m_01,101,1874,1,APPROACH,TO_1M,5.268675,5.451143,0.002468,-0.054556,12.212068,-4.771693,12.212734,-4.765986,12.212117,-4.771272,0.073854,0.073854,0.005746,1,accepted
1784368152.898762,direct1m_01,101,1875,1,APPROACH,TO_1M,5.255245,5.440566,0.005321,-0.049310,12.212117,-4.771272,12.210096,-4.764480,12.211968,-4.770772,0.073655,0.073655,0.007086,1,accepted
1784368152.967557,direct1m_01,101,1876,1,APPROACH,TO_1M,5.249025,5.425366,0.003659,-0.039932,12.211968,-4.770772,12.217078,-4.769512,12.212344,-4.770679,0.073449,0.073449,0.005263,1,accepted
1784368153.046081,direct1m_01,101,1877,1,APPROACH,TO_1M,5.248950,5.414020,0.014930,-0.029030,12.212344,-4.770679,12.226450,-4.776287,12.213387,-4.771094,0.073953,0.073953,0.015180,1,accepted
1784368153.112103,direct1m_01,101,1878,1,APPROACH,TO_1M,5.223095,5.405397,0.002302,-0.022368,12.213387,-4.771094,12.212558,-4.768083,12.213326,-4.770873,0.073510,0.073510,0.003123,1,accepted
1784368153.178033,direct1m_01,101,1879,1,APPROACH,TO_1M,5.210507,5.394532,0.004025,-0.019698,12.213326,-4.770873,12.210903,-4.767163,12.213149,-4.770601,0.073124,0.073124,0.004431,1,accepted
1784368153.278964,direct1m_01,101,1880,1,APPROACH,TO_1M,5.207222,5.381134,0.006088,-0.022131,12.213149,-4.770601,12.219410,-4.772077,12.213620,-4.770712,0.075240,0.075240,0.006433,1,accepted
1784368153.354078,direct1m_01,101,1881,1,APPROACH,TO_1M,5.203799,5.368463,0.015336,-0.026163,12.213620,-4.770712,12.227913,-4.776789,12.214695,-4.771169,0.075247,0.075247,0.015531,1,accepted
1784368153.403236,direct1m_01,101,1882,1,APPROACH,TO_1M,5.195478,5.360370,0.015108,-0.025060,12.214695,-4.771169,12.228738,-4.777216,12.215727,-4.771614,0.073442,0.073442,0.015290,1,accepted
1784368153.489689,direct1m_01,101,1883,1,APPROACH,TO_1M,5.183292,5.350876,0.012416,-0.022263,12.215727,-4.771614,12.227348,-4.776454,12.216592,-4.771974,0.074499,0.074499,0.012590,1,accepted
1784368153.549041,direct1m_01,101,1884,1,APPROACH,TO_1M,5.168172,5.342403,0.005769,-0.016693,12.216592,-4.771974,12.222306,-4.773724,12.217013,-4.772103,0.073515,0.073515,0.005976,1,accepted
1784368153.619065,direct1m_01,101,1885,1,APPROACH,TO_1M,5.156170,5.331896,0.004275,-0.010247,12.217013,-4.772103,12.221140,-4.773568,12.217316,-4.772210,0.073413,0.073413,0.004380,1,accepted
1784368153.700018,direct1m_01,101,1886,1,APPROACH,TO_1M,5.132998,5.318601,0.005603,-0.003683,12.217316,-4.772210,12.212752,-4.768941,12.216977,-4.771968,0.074093,0.074093,0.005614,1,accepted
1784368153.771668,direct1m_01,101,1887,1,APPROACH,TO_1M,5.091743,5.308988,0.037245,0.004228,12.216977,-4.771968,12.185230,-4.752489,12.214627,-4.770526,0.074023,0.074023,0.037247,1,accepted
1784368153.839625,direct1m_01,101,1888,1,APPROACH,TO_1M,5.113652,5.296432,0.002780,0.015639,12.214627,-4.770526,12.211505,-4.770272,12.214397,-4.770507,0.073705,0.073705,0.003133,1,accepted
1784368153.928941,direct1m_01,101,1889,1,APPROACH,TO_1M,5.117534,5.284584,0.012950,0.032851,12.214397,-4.770507,12.223751,-4.779963,12.215098,-4.771216,0.074930,0.074930,0.013300,1,accepted
1784368153.993187,direct1m_01,101,1890,1,APPROACH,TO_1M,5.116482,5.277612,0.018870,0.044359,12.215098,-4.771216,12.228904,-4.784715,12.216123,-4.772218,0.074222,0.074222,0.019308,1,accepted
1784368154.060285,direct1m_01,101,1891,1,APPROACH,TO_1M,5.113651,5.269943,0.023708,0.056655,12.216123,-4.772218,12.233429,-4.789243,12.217400,-4.773475,0.073817,0.073817,0.024276,1,accepted
1784368154.147588,direct1m_01,101,1892,1,APPROACH,TO_1M,5.109126,5.260100,0.029026,0.069026,12.217400,-4.773475,12.238613,-4.794280,12.218989,-4.775033,0.074882,0.074882,0.029713,1,accepted
1784368154.197887,direct1m_01,101,1893,1,APPROACH,TO_1M,5.100261,5.253857,0.026405,0.074094,12.218989,-4.775033,12.237740,-4.794831,12.220361,-4.776482,0.073207,0.073207,0.027269,1,accepted
1784368154.267689,direct1m_01,101,1894,1,APPROACH,TO_1M,5.087694,5.245593,0.022101,0.078530,12.220361,-4.776482,12.235260,-4.794325,12.221451,-4.777787,0.073134,0.073134,0.023246,1,accepted
1784368154.334175,direct1m_01,101,1895,1,APPROACH,TO_1M,5.070960,5.237651,0.013309,0.080987,12.221451,-4.777787,12.228792,-4.791136,12.221986,-4.778759,0.072837,0.072837,0.015234,1,accepted
1784368154.417590,direct1m_01,101,1896,1,APPROACH,TO_1M,5.052173,5.223953,0.008219,0.083865,12.221986,-4.778759,12.224888,-4.789608,12.222200,-4.779560,0.073772,0.073772,0.011230,1,accepted
1784368154.497935,direct1m_01,101,1897,1,APPROACH,TO_1M,5.031192,5.212158,0.000966,0.084150,12.222200,-4.779560,12.217318,-4.785534,12.221837,-4.780004,0.074356,0.074356,0.007715,1,accepted
1784368154.565349,direct1m_01,101,1898,1,APPROACH,TO_1M,5.020683,5.200969,0.000286,0.085405,12.221837,-4.780004,12.217480,-4.786422,12.221515,-4.780478,0.073955,0.073955,0.007758,1,accepted
1784368154.643711,direct1m_01,101,1899,1,APPROACH,TO_1M,4.997364,5.184762,0.007398,0.090305,12.221515,-4.780478,12.210911,-4.783475,12.220726,-4.780701,0.074376,0.074376,0.011018,1,accepted
1784368154.714511,direct1m_01,101,1900,1,APPROACH,TO_1M,4.970417,5.171193,0.020775,0.090550,12.220726,-4.780701,12.198788,-4.776594,12.219098,-4.780397,0.074208,0.074208,0.022319,1,accepted
1784368154.783574,direct1m_01,101,1901,1,APPROACH,TO_1M,4.960438,5.158267,0.017828,0.088008,12.219098,-4.780397,12.199789,-4.777646,12.217670,-4.780193,0.073941,0.073941,0.019504,1,accepted
1784368154.861450,direct1m_01,101,1902,1,APPROACH,TO_1M,4.961104,5.143816,0.002712,0.089532,12.217670,-4.780193,12.211110,-4.785569,12.217183,-4.780593,0.074330,0.074330,0.008481,1,accepted
1784368154.929137,direct1m_01,101,1903,1,APPROACH,TO_1M,4.955110,5.126981,0.008129,0.095602,12.217183,-4.780593,12.219539,-4.792161,12.217357,-4.781448,0.073949,0.073949,0.011806,1,accepted
1784368154.999823,direct1m_01,101,1904,1,APPROACH,TO_1M,4.943523,5.115964,0.007559,0.095462,12.217357,-4.781448,12.219249,-4.792687,12.217497,-4.782278,0.073834,0.073834,0.011397,1,accepted
1784368155.076186,direct1m_01,101,1905,1,APPROACH,TO_1M,4.927917,5.103317,0.004600,0.094593,12.217497,-4.782278,12.216936,-4.791864,12.217455,-4.782989,0.074134,0.074134,0.009603,1,accepted
1784368155.143396,direct1m_01,101,1906,1,APPROACH,TO_1M,4.907598,5.087224,0.000373,0.092681,12.217455,-4.782989,12.213417,-4.790169,12.217157,-4.783518,0.073748,0.073748,0.008238,1,accepted
1784368155.213267,direct1m_01,101,1907,1,APPROACH,TO_1M,4.885526,5.075615,0.010089,0.085310,12.217157,-4.783518,12.204602,-4.784587,12.216233,-4.783597,0.073603,0.073603,0.012601,1,accepted
1784368155.290178,direct1m_01,101,1908,1,APPROACH,TO_1M,4.881845,5.061608,0.000236,0.075144,12.216233,-4.783597,12.212922,-4.789356,12.215988,-4.784023,0.073973,0.073973,0.006643,1,accepted
1784368155.362706,direct1m_01,101,1909,1,APPROACH,TO_1M,4.863415,5.045578,0.002163,0.059609,12.215988,-4.784023,12.211377,-4.787334,12.215647,-4.784268,0.073983,0.073983,0.005676,1,accepted
1784368155.426963,direct1m_01,101,1910,1,APPROACH,TO_1M,4.862247,5.034638,0.007609,0.045508,12.215647,-4.784268,12.219990,-4.791687,12.215966,-4.784813,0.073412,0.073412,0.008597,1,accepted
1784368155.497944,direct1m_01,101,1911,1,APPROACH,TO_1M,4.858706,5.023189,0.015517,0.026392,12.215966,-4.784813,12.227913,-4.794982,12.216843,-4.785559,0.073392,0.073392,0.015690,1,accepted
1784368155.710475,direct1m_01,101,1912,1,APPROACH,TO_1M,4.835361,4.990144,0.025217,-0.051130,12.216843,-4.785559,12.240609,-4.795099,12.218820,-4.786353,0.083192,0.083192,0.025609,1,accepted
1784368155.793097,direct1m_01,101,1913,1,APPROACH,TO_1M,4.820795,4.979827,0.020968,-0.083822,12.218820,-4.786353,12.240477,-4.791241,12.220607,-4.786756,0.082517,0.082517,0.022202,1,accepted
1784368155.856487,direct1m_01,101,1914,1,APPROACH,TO_1M,4.804803,4.973163,0.011640,-0.102106,12.220607,-4.786756,12.235178,-4.785379,12.221782,-4.786645,0.080622,0.080622,0.014636,1,accepted
1784368155.927542,direct1m_01,101,1915,1,APPROACH,TO_1M,4.788434,4.964912,0.003522,-0.122222,12.221782,-4.786645,12.230374,-4.779516,12.222465,-4.786078,0.079547,0.079547,0.011165,1,accepted
1784368156.008714,direct1m_01,101,1916,1,APPROACH,TO_1M,4.770284,4.957266,0.006982,-0.132137,12.222465,-4.786078,12.222583,-4.772689,12.222475,-4.785016,0.079337,0.079337,0.013389,1,accepted
1784368156.078629,direct1m_01,101,1917,1,APPROACH,TO_1M,4.752470,4.945161,0.012691,-0.139812,12.222475,-4.785016,12.218083,-4.768074,12.222130,-4.783688,0.078376,0.078376,0.017502,1,accepted
1784368156.147750,direct1m_01,101,1918,1,APPROACH,TO_1M,4.743607,4.934806,0.011199,-0.136751,12.222130,-4.783688,12.218855,-4.767779,12.221876,-4.782455,0.077508,0.077508,0.016243,1,accepted
1784368156.220006,direct1m_01,101,1919,1,APPROACH,TO_1M,4.732530,4.925686,0.013156,-0.127566,12.221876,-4.782455,12.216513,-4.766199,12.221464,-4.781203,0.076984,0.076984,0.017118,1,accepted
1784368156.287066,direct1m_01,101,1920,1,APPROACH,TO_1M,4.741036,4.915136,0.005900,-0.114414,12.221464,-4.781203,12.231669,-4.775996,12.222241,-4.780807,0.076180,0.076180,0.011457,1,accepted
1784368156.361670,direct1m_01,101,1921,1,APPROACH,TO_1M,4.741467,4.903237,0.018230,-0.094559,12.222241,-4.780807,12.241998,-4.783584,12.223743,-4.781018,0.076016,0.076016,0.019951,1,accepted
1784368156.437799,direct1m_01,101,1922,1,APPROACH,TO_1M,4.736378,4.895808,0.020571,-0.073228,12.223743,-4.781018,12.244512,-4.786595,12.225321,-4.781442,0.075982,0.075982,0.021505,1,accepted
1784368156.504671,direct1m_01,101,1923,1,APPROACH,TO_1M,4.726394,4.887308,0.019086,-0.049018,12.225321,-4.781442,12.243728,-4.787999,12.226707,-4.781935,0.075308,0.075308,0.019540,1,accepted
1784368156.576630,direct1m_01,101,1924,1,APPROACH,TO_1M,4.713459,4.876213,0.017246,-0.020847,12.226707,-4.781935,12.242275,-4.789566,12.227876,-4.782508,0.075087,0.075087,0.017337,1,accepted
1784368156.652818,direct1m_01,101,1925,1,APPROACH,TO_1M,4.697893,4.868696,0.009197,-0.000762,12.227876,-4.782508,12.235710,-4.787327,12.228465,-4.782871,0.075192,0.075192,0.009197,1,accepted
1784368156.721212,direct1m_01,101,1926,1,APPROACH,TO_1M,4.678918,4.859158,0.000240,0.018851,12.228465,-4.782871,12.227414,-4.784099,12.228387,-4.782962,0.074738,0.074738,0.001617,1,accepted
1784368156.796008,direct1m_01,101,1927,1,APPROACH,TO_1M,4.659307,4.846334,0.007026,0.039499,12.228387,-4.782962,12.220659,-4.782069,12.227809,-4.782896,0.074796,0.074796,0.007779,1,accepted
1784368156.872242,direct1m_01,101,1928,1,APPROACH,TO_1M,4.639525,4.836876,0.017351,0.050289,12.227809,-4.782896,12.210850,-4.777292,12.226537,-4.782476,0.074949,0.074949,0.017861,1,accepted
1784368156.939221,direct1m_01,101,1929,1,APPROACH,TO_1M,4.637152,4.825389,0.008236,0.057910,12.226537,-4.782476,12.216970,-4.782241,12.225825,-4.782458,0.074430,0.074430,0.009570,1,accepted
1784368157.012421,direct1m_01,101,1930,1,APPROACH,TO_1M,4.634865,4.815905,0.001040,0.056411,12.225825,-4.782458,12.222430,-4.785926,12.225573,-4.782716,0.074421,0.074421,0.004854,1,accepted
1784368157.091671,direct1m_01,101,1931,1,APPROACH,TO_1M,4.623290,4.803123,0.000167,0.046741,12.225573,-4.782716,12.223636,-4.786127,12.225428,-4.782971,0.074838,0.074838,0.003922,1,accepted
1784368157.155697,direct1m_01,101,1932,1,APPROACH,TO_1M,4.614984,4.792864,0.002121,0.030372,12.225428,-4.782971,12.225878,-4.786251,12.225461,-4.783215,0.074130,0.074130,0.003310,1,accepted
1784368157.239750,direct1m_01,101,1933,1,APPROACH,TO_1M,4.603202,4.780006,0.003196,0.002177,12.225461,-4.783215,12.228074,-4.785064,12.225657,-4.783353,0.074923,0.074923,0.003201,1,accepted
1784368157.307415,direct1m_01,101,1934,1,APPROACH,TO_1M,4.595016,4.770956,0.004060,-0.021348,12.225657,-4.783353,12.230042,-4.784000,12.225983,-4.783401,0.074454,0.074454,0.004433,1,accepted
1784368157.379671,direct1m_01,101,1935,1,APPROACH,TO_1M,4.585890,4.760369,0.005521,-0.049490,12.225983,-4.783401,12.232846,-4.782844,12.226494,-4.783360,0.074380,0.074380,0.006885,1,accepted
1784368157.454446,direct1m_01,101,1936,1,APPROACH,TO_1M,4.573653,4.751123,0.002530,-0.075295,12.226494,-4.783360,12.231954,-4.779411,12.226901,-4.783066,0.074488,0.074488,0.006738,1,accepted
1784368157.541694,direct1m_01,101,1937,1,APPROACH,TO_1M,4.558191,4.740064,0.001872,-0.102382,12.226901,-4.783066,12.229811,-4.774896,12.227120,-4.782449,0.075453,0.075453,0.008673,1,accepted
1784368157.610546,direct1m_01,101,1938,1,APPROACH,TO_1M,4.540147,4.725608,0.005461,-0.131703,12.227120,-4.782449,12.228261,-4.770350,12.227206,-4.781542,0.074993,0.074993,0.012152,1,accepted
1784368157.682052,direct1m_01,101,1939,1,APPROACH,TO_1M,4.505165,4.715001,0.029836,-0.139855,12.227206,-4.781542,12.208028,-4.755968,12.225772,-4.779629,0.074784,0.074784,0.031966,1,accepted
1784368157.764464,direct1m_01,101,1940,1,APPROACH,TO_1M,4.516250,4.698108,0.001858,-0.143334,12.225772,-4.779629,12.230445,-4.768689,12.226124,-4.778805,0.075370,0.075370,0.011897,1,accepted
1784368157.818011,direct1m_01,101,1941,1,APPROACH,TO_1M,4.518065,4.686221,0.011844,-0.130425,12.226124,-4.778805,12.241834,-4.776056,12.227284,-4.778602,0.073852,0.073852,0.015948,1,accepted
1784368157.885779,direct1m_01,101,1942,1,APPROACH,TO_1M,4.488261,4.676869,0.008608,-0.112622,12.227284,-4.778602,12.224878,-4.766246,12.227107,-4.777693,0.073545,0.073545,0.012588,1,accepted
1784368157.955144,direct1m_01,101,1943,1,APPROACH,TO_1M,4.481271,4.664769,0.003499,-0.089575,12.227107,-4.777693,12.228021,-4.769659,12.227174,-4.777103,0.073392,0.073392,0.008086,1,accepted
1784368158.043223,direct1m_01,101,1944,1,APPROACH,TO_1M,4.477559,4.650412,0.007147,-0.053708,12.227174,-4.777103,12.235547,-4.777211,12.227799,-4.777111,0.074575,0.074575,0.008373,1,accepted
1784368158.112222,direct1m_01,101,1945,1,APPROACH,TO_1M,4.475936,4.641102,0.014834,-0.028128,12.227799,-4.777111,12.241574,-4.783069,12.228821,-4.777554,0.074253,0.074253,0.015009,1,accepted
1784368158.177808,direct1m_01,101,1946,1,APPROACH,TO_1M,4.457869,4.630920,0.006948,0.005422,12.228821,-4.777554,12.234472,-4.781620,12.229238,-4.777854,0.073736,0.073736,0.006962,1,accepted
1784368158.256258,direct1m_01,101,1947,1,APPROACH,TO_1M,4.441219,4.621583,0.000363,0.034308,12.229238,-4.777854,12.227459,-4.780004,12.229106,-4.778013,0.074194,0.074194,0.002791,1,accepted
1784368158.330382,direct1m_01,101,1948,1,APPROACH,TO_1M,4.423228,4.607678,0.004450,0.073566,12.229106,-4.778013,12.222193,-4.780655,12.228593,-4.778209,0.074284,0.074284,0.007401,1,accepted
1784368158.398301,direct1m_01,101,1949,1,APPROACH,TO_1M,4.409445,4.596354,0.006908,0.101769,12.228593,-4.778209,12.218404,-4.781446,12.227839,-4.778449,0.073928,0.073928,0.010690,1,accepted
1784368158.474735,direct1m_01,101,1950,1,APPROACH,TO_1M,4.414959,4.586306,0.008653,0.121257,12.227839,-4.778449,12.230004,-4.791278,12.228000,-4.779401,0.074216,0.074216,0.013010,1,accepted
1784368158.547998,direct1m_01,101,1951,1,APPROACH,TO_1M,4.419579,4.573538,0.026040,0.143240,12.228000,-4.779401,12.243964,-4.802953,12.229185,-4.781149,0.074242,0.074242,0.028453,1,accepted
1784368158.615373,direct1m_01,101,1952,1,APPROACH,TO_1M,4.415666,4.565163,0.030502,0.146118,12.229185,-4.781149,12.248818,-4.807253,12.230635,-4.783077,0.073854,0.073854,0.032663,1,accepted
1784368158.692011,direct1m_01,101,1953,1,APPROACH,TO_1M,4.403918,4.558647,0.025271,0.138777,12.230635,-4.783077,12.246162,-4.805884,12.231787,-4.784769,0.074169,0.074169,0.027590,1,accepted
1784368158.766936,direct1m_01,101,1954,1,APPROACH,TO_1M,4.387131,4.548280,0.018851,0.125360,12.231787,-4.784769,12.242462,-4.803230,12.232580,-4.786141,0.074318,0.074318,0.021326,1,accepted
1784368158.835283,direct1m_01,101,1955,1,APPROACH,TO_1M,4.366076,4.540018,0.006058,0.106860,12.232580,-4.786141,12.233214,-4.796537,12.232627,-4.786910,0.073985,0.073985,0.010416,1,accepted
1784368158.907336,direct1m_01,101,1956,1,APPROACH,TO_1M,4.352769,4.532098,0.000671,0.086144,12.232627,-4.786910,12.229577,-4.793041,12.232402,-4.787363,0.073962,0.073962,0.006847,1,accepted
1784368158.986623,direct1m_01,101,1957,1,APPROACH,TO_1M,4.354312,4.520225,0.014087,0.056798,12.232402,-4.787363,12.241958,-4.798645,12.233113,-4.788203,0.074444,0.074444,0.014785,1,accepted
1784368159.043993,direct1m_01,101,1958,1,APPROACH,TO_1M,4.352225,4.511589,0.020637,0.032342,12.233113,-4.788203,12.249248,-4.801319,12.234296,-4.789165,0.073327,0.073327,0.020794,1,accepted
1784368159.118243,direct1m_01,101,1959,1,APPROACH,TO_1M,4.342121,4.504551,0.017570,0.011048,12.234296,-4.789165,12.248727,-4.799227,12.235357,-4.789905,0.073549,0.073549,0.017592,1,accepted
1784368159.191143,direct1m_01,101,1960,1,APPROACH,TO_1M,4.327737,4.496017,0.011720,-0.010110,12.235357,-4.789905,12.245713,-4.795450,12.236120,-4.790313,0.073645,0.073645,0.011747,1,accepted
1784368159.260676,direct1m_01,101,1961,1,APPROACH,TO_1M,4.307874,4.484518,0.003356,-0.031206,12.236120,-4.790313,12.240261,-4.790022,12.236424,-4.790292,0.073491,0.073491,0.004151,1,accepted
1784368159.332255,direct1m_01,101,1962,1,APPROACH,TO_1M,4.286129,4.475984,0.009855,-0.040492,12.236424,-4.790292,12.229746,-4.782387,12.235934,-4.789711,0.073504,0.073504,0.010349,1,accepted
1784368159.411587,direct1m_01,101,1963,1,APPROACH,TO_1M,4.294306,4.462669,0.011637,-0.049069,12.235934,-4.789711,12.247829,-4.792638,12.236814,-4.789928,0.074056,0.074056,0.012250,1,accepted
1784368159.471101,direct1m_01,101,1964,1,APPROACH,TO_1M,4.286909,4.453568,0.013341,-0.055447,12.236814,-4.789928,12.250414,-4.793343,12.237809,-4.790177,0.073144,0.073144,0.014022,1,accepted
1784368159.540246,direct1m_01,101,1965,1,APPROACH,TO_1M,4.275537,4.445886,0.009650,-0.060472,12.237809,-4.790177,12.248482,-4.791313,12.238589,-4.790260,0.073034,0.073034,0.010733,1,accepted
1784368159.628796,direct1m_01,101,1966,1,APPROACH,TO_1M,4.247709,4.434116,0.006407,-0.068884,12.238589,-4.790260,12.235983,-4.782346,12.238395,-4.789672,0.074299,0.074299,0.008332,1,accepted
1784368159.690368,direct1m_01,101,1967,1,APPROACH,TO_1M,4.245129,4.423763,0.001366,-0.071662,12.238395,-4.789672,12.242488,-4.785706,12.238696,-4.789381,0.073495,0.073495,0.005700,1,accepted
1784368159.751971,direct1m_01,101,1968,1,APPROACH,TO_1M,4.230491,4.415334,0.004844,-0.069934,12.238696,-4.789381,12.237448,-4.782245,12.238605,-4.788861,0.072805,0.072805,0.007244,1,accepted
1784368159.828292,direct1m_01,101,1969,1,APPROACH,TO_1M,4.240354,4.405158,0.015196,-0.067367,12.238605,-4.788861,12.254239,-4.792527,12.239750,-4.789130,0.073247,0.073247,0.016058,1,accepted
1784368159.894279,direct1m_01,101,1970,1,APPROACH,TO_1M,4.227587,4.397454,0.010133,-0.062899,12.239750,-4.789130,12.250903,-4.790411,12.240563,-4.789223,0.072903,0.072903,0.011227,1,accepted
1784368159.962571,direct1m_01,101,1971,1,APPROACH,TO_1M,4.218576,4.385373,0.013203,-0.051974,12.240563,-4.789223,12.253868,-4.792855,12.241531,-4.789488,0.072767,0.072767,0.013791,1,accepted
1784368160.066764,direct1m_01,101,1972,1,APPROACH,TO_1M,4.215051,4.373275,0.021776,-0.035378,12.241531,-4.789488,12.261423,-4.798753,12.243026,-4.790184,0.075163,0.075163,0.021944,1,accepted
1784368160.120639,direct1m_01,101,1973,1,APPROACH,TO_1M,4.201074,4.364534,0.016541,-0.021004,12.243026,-4.790184,12.257895,-4.797607,12.244122,-4.790731,0.073698,0.073698,0.016618,1,accepted
1784368160.187602,direct1m_01,101,1974,1,APPROACH,TO_1M,4.181382,4.356798,0.004583,-0.007904,12.244122,-4.790731,12.248325,-4.792655,12.244431,-4.790872,0.073357,0.073357,0.004623,1,accepted
1784368160.266213,direct1m_01,101,1975,1,APPROACH,TO_1M,4.165473,4.346981,0.001508,0.004946,12.244431,-4.790872,12.242954,-4.790389,12.244321,-4.790836,0.073880,0.073880,0.001554,1,accepted
1784368160.333290,direct1m_01,101,1976,1,APPROACH,TO_1M,4.154727,4.338096,0.003369,0.011897,12.244321,-4.790836,12.240989,-4.789811,12.244076,-4.790761,0.073521,0.073521,0.003487,1,accepted
1784368160.409610,direct1m_01,101,1977,1,APPROACH,TO_1M,4.145032,4.325549,0.000517,0.013966,12.244076,-4.790761,12.243079,-4.791380,12.244003,-4.790807,0.073861,0.073861,0.001174,1,accepted
1784368160.493603,direct1m_01,101,1978,1,APPROACH,TO_1M,4.136217,4.315635,0.000582,0.009914,12.244003,-4.790807,12.244099,-4.791749,12.244010,-4.790877,0.074689,0.074689,0.000947,1,accepted
1784368160.563614,direct1m_01,101,1979,1,APPROACH,TO_1M,4.128491,4.306946,0.001546,0.001528,12.244010,-4.790877,12.245259,-4.791796,12.244103,-4.790945,0.074420,0.074420,0.001550,1,accepted
1784368160.634649,direct1m_01,101,1980,1,APPROACH,TO_1M,4.121531,4.297139,0.004393,-0.009344,12.244103,-4.790945,12.248197,-4.792686,12.244407,-4.791075,0.074262,0.074262,0.004448,1,accepted
1784368160.714703,direct1m_01,101,1981,1,APPROACH,TO_1M,4.108818,4.285182,0.003636,-0.024019,12.244407,-4.791075,12.248442,-4.791485,12.244708,-4.791105,0.074757,0.074757,0.004056,1,accepted
1784368160.787853,direct1m_01,101,1982,1,APPROACH,TO_1M,4.067460,4.277165,0.029706,-0.032717,12.244708,-4.791105,12.220842,-4.773253,12.242926,-4.789772,0.074696,0.074696,0.029805,1,accepted
1784368160.861623,direct1m_01,101,1983,1,APPROACH,TO_1M,4.060981,4.265673,0.024692,-0.045922,12.242926,-4.789772,12.223826,-4.773757,12.241499,-4.788576,0.074692,0.074692,0.024926,1,accepted
1784368160.949273,direct1m_01,101,1984,1,APPROACH,TO_1M,4.051183,4.252232,0.021048,-0.062068,12.241499,-4.788576,12.226118,-4.773491,12.240335,-4.787434,0.075654,0.075654,0.021544,1,accepted
1784368161.013875,direct1m_01,101,1985,1,APPROACH,TO_1M,4.039474,4.242473,0.022998,-0.069023,12.240335,-4.787434,12.223571,-4.770886,12.239080,-4.786195,0.074867,0.074867,0.023556,1,accepted
1784368161.082878,direct1m_01,101,1986,1,APPROACH,TO_1M,4.033129,4.231631,0.018502,-0.077503,12.239080,-4.786195,12.226452,-4.771516,12.238139,-4.785102,0.074504,0.074504,0.019364,1,accepted
1784368161.165133,direct1m_01,101,1987,1,APPROACH,TO_1M,4.026987,4.222435,0.015448,-0.081418,12.238139,-4.785102,12.228247,-4.771811,12.237396,-4.784103,0.075117,0.075117,0.016568,1,accepted
1784368161.241138,direct1m_01,101,1988,1,APPROACH,TO_1M,4.020933,4.210470,0.009537,-0.084877,12.237396,-4.784103,12.232638,-4.773753,12.237039,-4.783325,0.075207,0.075207,0.011392,1,accepted
1784368161.308955,direct1m_01,101,1989,1,APPROACH,TO_1M,4.015034,4.201573,0.006539,-0.082286,12.237039,-4.783325,12.234713,-4.774740,12.236865,-4.782684,0.074710,0.074710,0.008895,1,accepted
1784368161.397671,direct1m_01,101,1990,1,APPROACH,TO_1M,4.000178,4.191238,0.011060,-0.080166,12.236865,-4.782684,12.230622,-4.771837,12.236392,-4.781862,0.075744,0.075744,0.012515,1,accepted
1784368161.447233,direct1m_01,101,1991,1,APPROACH,TO_1M,3.988000,4.183431,0.015431,-0.073583,12.236392,-4.781862,12.226188,-4.769105,12.235638,-4.780919,0.073895,0.073895,0.016336,1,accepted
1784368161.523138,direct1m_01,101,1992,1,APPROACH,TO_1M,3.995523,4.174047,0.001476,-0.065673,12.235638,-4.780919,12.239436,-4.777656,12.235920,-4.780677,0.074152,0.074152,0.005008,1,accepted
1784368161.595018,direct1m_01,101,1993,1,APPROACH,TO_1M,3.986283,4.166770,0.000487,-0.055361,12.235920,-4.780677,12.237652,-4.777011,12.236048,-4.780406,0.074090,0.074090,0.004055,1,accepted
1784368161.679338,direct1m_01,101,1994,1,APPROACH,TO_1M,3.967365,4.155876,0.008511,-0.034682,12.236048,-4.780406,12.230184,-4.773744,12.235609,-4.779907,0.074908,0.074908,0.008874,1,accepted
1784368161.754813,direct1m_01,101,1995,1,APPROACH,TO_1M,3.952030,4.146152,0.014121,-0.015142,12.235609,-4.779907,12.224241,-4.771457,12.234756,-4.779273,0.074990,0.074990,0.014164,1,accepted
1784368161.816542,direct1m_01,101,1996,1,APPROACH,TO_1M,3.938456,4.136893,0.018437,0.004111,12.234756,-4.779273,12.218997,-4.769700,12.233588,-4.778564,0.074100,0.074100,0.018439,1,accepted
1784368161.899352,direct1m_01,101,1997,1,APPROACH,TO_1M,3.927314,4.125972,0.018658,0.030752,12.233588,-4.778564,12.216622,-4.770493,12.232319,-4.777960,0.074810,0.074810,0.018789,1,accepted
1784368161.973139,direct1m_01,101,1998,1,APPROACH,TO_1M,3.909923,4.112547,0.022624,0.064400,12.232319,-4.777960,12.210717,-4.769810,12.230704,-4.777350,0.074789,0.074789,0.023089,1,accepted
1784368162.040334,direct1m_01,101,1999,1,APPROACH,TO_1M,3.893536,4.102408,0.028872,0.084828,12.230704,-4.777350,12.203044,-4.767095,12.228648,-4.776588,0.074309,0.074309,0.029500,1,accepted
1784368162.120794,direct1m_01,101,2000,1,APPROACH,TO_1M,3.889924,4.088049,0.018125,0.113679,12.228648,-4.776588,12.208997,-4.773788,12.227178,-4.776379,0.074822,0.074822,0.019850,1,accepted
1784368162.196672,direct1m_01,101,2001,1,APPROACH,TO_1M,3.881830,4.076922,0.015092,0.135010,12.227178,-4.776379,12.209297,-4.776463,12.225838,-4.776385,0.074947,0.074947,0.017881,1,accepted
1784368162.265018,direct1m_01,101,2002,1,APPROACH,TO_1M,3.869990,4.067170,0.017180,0.150038,12.225838,-4.776385,12.205637,-4.776242,12.224332,-4.776374,0.074525,0.074525,0.020201,1,accepted
1784368162.343634,direct1m_01,101,2003,1,APPROACH,TO_1M,3.855958,4.055872,0.019913,0.165917,12.224332,-4.776374,12.201238,-4.775705,12.222603,-4.776324,0.074882,0.074882,0.023104,1,accepted
1784368162.421512,direct1m_01,101,2004,1,APPROACH,TO_1M,3.840142,4.041483,0.021341,0.178362,12.222603,-4.776324,12.197857,-4.775609,12.220744,-4.776270,0.075136,0.075136,0.024756,1,accepted
1784368162.490338,direct1m_01,101,2005,1,APPROACH,TO_1M,3.825589,4.030629,0.025039,0.174448,12.220744,-4.776270,12.193031,-4.773328,12.218673,-4.776051,0.074720,0.074720,0.027868,1,accepted
1784368162.568322,direct1m_01,101,2006,1,APPROACH,TO_1M,3.821566,4.017954,0.016389,0.161718,12.218673,-4.776051,12.198776,-4.776933,12.217181,-4.776117,0.075001,0.075001,0.019917,1,accepted
1784368162.638152,direct1m_01,101,2007,1,APPROACH,TO_1M,3.812626,4.007078,0.014451,0.142714,12.217181,-4.776117,12.199645,-4.776883,12.215871,-4.776174,0.074677,0.074677,0.017553,1,accepted
1784368162.708411,direct1m_01,101,2008,1,APPROACH,TO_1M,3.811296,3.991749,0.000454,0.111688,12.215871,-4.776174,12.211355,-4.782526,12.215535,-4.776647,0.074429,0.074429,0.007794,1,accepted
1784368162.779972,direct1m_01,101,2009,1,APPROACH,TO_1M,3.801594,3.979817,0.001777,0.081616,12.215535,-4.776647,12.214031,-4.782396,12.215423,-4.777074,0.074306,0.074306,0.005942,1,accepted
1784368162.852489,direct1m_01,101,2010,1,APPROACH,TO_1M,3.787184,3.969211,0.002026,0.052730,12.215423,-4.777074,12.211768,-4.779094,12.215152,-4.777224,0.074266,0.074266,0.004176,1,accepted
1784368162.919135,direct1m_01,101,2011,1,APPROACH,TO_1M,3.769393,3.953612,0.004219,0.013595,12.215152,-4.777224,12.211078,-4.775779,12.214851,-4.777117,0.073824,0.073824,0.004322,1,accepted
1784368163.005885,direct1m_01,101,2012,1,APPROACH,TO_1M,3.749997,3.940620,0.010623,-0.020435,12.214851,-4.777117,12.206592,-4.770290,12.214233,-4.776606,0.074850,0.074850,0.010715,1,accepted
1784368163.069517,direct1m_01,101,2013,1,APPROACH,TO_1M,3.736272,3.928374,0.012102,-0.048106,12.214233,-4.776606,12.205723,-4.767393,12.213602,-4.775923,0.074112,0.074112,0.012542,1,accepted
1784368163.138881,direct1m_01,101,2014,1,APPROACH,TO_1M,3.725247,3.910750,0.005503,-0.083122,12.213602,-4.775923,12.211947,-4.768198,12.213480,-4.775353,0.073881,0.073881,0.007901,1,accepted
1784368163.206768,direct1m_01,101,2015,1,APPROACH,TO_1M,3.712098,3.896684,0.004587,-0.105474,12.213480,-4.775353,12.213398,-4.766842,12.213474,-4.774727,0.073579,0.073579,0.008511,1,accepted
1784368163.281416,direct1m_01,101,2016,1,APPROACH,TO_1M,3.701100,3.884255,0.003154,-0.121106,12.213474,-4.774727,12.215157,-4.766097,12.213598,-4.774090,0.073793,0.073793,0.008792,1,accepted
1784368163.347273,direct1m_01,101,2017,1,APPROACH,TO_1M,3.691397,3.866714,0.004683,-0.137310,12.213598,-4.774090,12.222490,-4.768720,12.214250,-4.773696,0.073360,0.073360,0.010388,1,accepted
1784368163.417558,direct1m_01,101,2018,1,APPROACH,TO_1M,3.684633,3.853268,0.011365,-0.141100,12.214250,-4.773696,12.228927,-4.771679,12.215326,-4.773548,0.073300,0.073300,0.014815,1,accepted
1784368163.495778,direct1m_01,101,2019,1,APPROACH,TO_1M,3.678101,3.842183,0.015918,-0.134171,12.215326,-4.773548,12.233602,-4.774364,12.216675,-4.773608,0.073804,0.073804,0.018294,1,accepted
1784368163.559853,direct1m_01,101,2020,1,APPROACH,TO_1M,3.666331,3.830039,0.016292,-0.125100,12.216675,-4.773608,12.234930,-4.775164,12.218012,-4.773722,0.073247,0.073247,0.018321,1,accepted
1784368163.635139,direct1m_01,101,2021,1,APPROACH,TO_1M,3.655384,3.815038,0.020345,-0.112291,12.218012,-4.773722,12.239230,-4.778184,12.219573,-4.774050,0.073552,0.073552,0.021683,1,accepted
1784368163.712553,direct1m_01,101,2022,1,APPROACH,TO_1M,3.646358,3.805365,0.020993,-0.097638,12.219573,-4.774050,12.240810,-4.779701,12.221144,-4.774468,0.073965,0.073965,0.021977,1,accepted
1784368163.785132,direct1m_01,101,2023,1,APPROACH,TO_1M,3.639261,3.794333,0.024928,-0.079982,12.221144,-4.774468,12.245082,-4.783221,12.222914,-4.775116,0.073979,0.073979,0.025488,1,accepted
1784368163.858100,direct1m_01,101,2024,1,APPROACH,TO_1M,3.635878,3.780867,0.035011,-0.059189,12.222914,-4.775116,12.254650,-4.790414,12.225263,-4.776248,0.074016,0.074016,0.035230,1,accepted
1784368163.948582,direct1m_01,101,2025,1,APPROACH,TO_1M,3.616052,3.773246,0.022805,-0.045869,12.225263,-4.776248,12.246186,-4.785814,12.226838,-4.776968,0.075278,0.075278,0.023006,1,accepted
1784368164.018329,direct1m_01,101,2026,1,APPROACH,TO_1M,3.602853,3.763906,0.018948,-0.035860,12.226838,-4.776968,12.244138,-4.785050,12.228134,-4.777574,0.074904,0.074904,0.019094,1,accepted
1784368164.091512,direct1m_01,101,2027,1,APPROACH,TO_1M,3.591493,3.752261,0.019233,-0.027125,12.228134,-4.777574,12.245364,-4.786302,12.229424,-4.778227,0.074829,0.074829,0.019315,1,accepted
1784368164.172833,direct1m_01,101,2028,1,APPROACH,TO_1M,3.584052,3.744935,0.019117,-0.028098,12.229424,-4.778227,12.246586,-4.786846,12.230716,-4.778876,0.075329,0.075329,0.019205,1,accepted
1784368164.242722,direct1m_01,101,2029,1,APPROACH,TO_1M,3.576109,3.736830,0.019279,-0.035394,12.230716,-4.778876,12.248266,-4.787185,12.232032,-4.779499,0.074960,0.074960,0.019418,1,accepted
1784368164.317108,direct1m_01,101,2030,1,APPROACH,TO_1M,3.567957,3.730099,0.017858,-0.041543,12.232032,-4.779499,12.248589,-4.786718,12.233273,-4.780040,0.074959,0.074959,0.018063,1,accepted
1784368164.414891,direct1m_01,101,2031,1,APPROACH,TO_1M,3.562761,3.719993,0.022768,-0.049513,12.233273,-4.780040,12.254257,-4.789445,12.234880,-4.780760,0.076589,0.076589,0.022995,1,accepted
1784368164.489237,direct1m_01,101,2032,1,APPROACH,TO_1M,3.558169,3.712930,0.025239,-0.055036,12.234880,-4.780760,12.258142,-4.791186,12.236656,-4.781556,0.076348,0.076348,0.025491,1,accepted
1784368164.570208,direct1m_01,101,2033,1,APPROACH,TO_1M,3.551245,3.703871,0.027374,-0.056880,12.236656,-4.781556,12.261783,-4.793029,12.238581,-4.782435,0.076603,0.076603,0.027622,1,accepted
1784368164.658691,direct1m_01,101,2034,1,APPROACH,TO_1M,3.539788,3.698166,0.021622,-0.054942,12.238581,-4.782435,12.258769,-4.790956,12.240142,-4.783094,0.077342,0.077342,0.021912,1,accepted
1784368164.735354,direct1m_01,101,2035,1,APPROACH,TO_1M,3.529294,3.688599,0.020694,-0.050026,12.240142,-4.783094,12.259370,-4.791399,12.241626,-4.783735,0.077151,0.077151,0.020945,1,accepted
1784368164.797400,direct1m_01,101,2036,1,APPROACH,TO_1M,3.521173,3.684576,0.016596,-0.040858,12.241626,-4.783735,12.257069,-4.790359,12.242799,-4.784238,0.075968,0.075968,0.016804,1,accepted
1784368164.887622,direct1m_01,101,2037,1,APPROACH,TO_1M,3.514668,3.674738,0.019929,-0.023714,12.242799,-4.784238,12.260471,-4.793577,12.244158,-4.784957,0.076924,0.076924,0.019988,1,accepted
1784368164.954805,direct1m_01,101,2038,1,APPROACH,TO_1M,3.509331,3.667691,0.021640,-0.011484,12.244158,-4.784957,12.262857,-4.795875,12.245582,-4.785788,0.076134,0.076134,0.021653,1,accepted
1784368165.037121,direct1m_01,101,2039,1,APPROACH,TO_1M,3.504779,3.661962,0.022817,0.000301,12.245582,-4.785788,12.264872,-4.797973,12.247058,-4.786720,0.076509,0.076509,0.022817,1,accepted
1784368165.115188,direct1m_01,101,2040,1,APPROACH,TO_1M,3.500420,3.653034,0.027386,0.018948,12.247058,-4.786720,12.269577,-4.802352,12.248782,-4.787917,0.076545,0.076545,0.027413,1,accepted
1784368165.168986,direct1m_01,101,2041,1,APPROACH,TO_1M,3.492444,3.646444,0.026000,0.029464,12.248782,-4.787917,12.269771,-4.803375,12.250353,-4.789074,0.074874,0.074874,0.026068,1,accepted
1784368165.239860,direct1m_01,101,2042,1,APPROACH,TO_1M,3.481010,3.640924,0.020086,0.037166,12.250353,-4.789074,12.266082,-4.801789,12.251527,-4.790023,0.074641,0.074641,0.020225,1,accepted
1784368165.304738,direct1m_01,101,2043,1,APPROACH,TO_1M,3.470475,3.634008,0.016468,0.043040,12.251527,-4.790023,12.263999,-4.801120,12.252450,-4.790844,0.074021,0.074021,0.016694,1,accepted
1784368165.392015,direct1m_01,101,2044,1,APPROACH,TO_1M,3.463045,3.624615,0.018429,0.044261,12.252450,-4.790844,12.266544,-4.803046,12.253508,-4.791760,0.075055,0.075055,0.018642,1,accepted
1784368165.465723,direct1m_01,101,2045,1,APPROACH,TO_1M,3.454975,3.618475,0.016499,0.040088,12.253508,-4.791760,12.266112,-4.802705,12.254453,-4.792581,0.074991,0.074991,0.016693,1,accepted
1784368165.529116,direct1m_01,101,2046,1,APPROACH,TO_1M,3.451115,3.611026,0.020089,0.032450,12.254453,-4.792581,12.270354,-4.805029,12.255633,-4.793505,0.074217,0.074217,0.020194,1,accepted
1784368165.610412,direct1m_01,101,2047,1,APPROACH,TO_1M,3.449641,3.604892,0.024749,0.025276,12.255633,-4.793505,12.275718,-4.808053,12.257136,-4.794593,0.074805,0.074805,0.024800,1,accepted
1784368165.679838,direct1m_01,101,2048,1,APPROACH,TO_1M,3.449176,3.595955,0.033221,0.020386,12.257136,-4.794593,12.284554,-4.813395,12.259178,-4.795994,0.074479,0.074479,0.033246,1,accepted
1784368165.750868,direct1m_01,101,2049,1,APPROACH,TO_1M,3.449495,3.589839,0.039656,0.020378,12.259178,-4.795994,12.292043,-4.818223,12.261620,-4.797645,0.074311,0.074311,0.039677,1,accepted
1784368165.829576,direct1m_01,101,2050,1,APPROACH,TO_1M,3.532815,3.582037,0.130778,0.026504,12.261620,-4.797645,12.371372,-4.868782,12.269819,-4.802960,0.074706,0.074706,0.130789,1,accepted
1784368165.899769,direct1m_01,101,2051,1,APPROACH,TO_1M,3.523515,3.584404,0.119111,0.031145,12.269819,-4.802960,12.369550,-4.868114,12.277244,-4.807810,0.074447,0.074447,0.119127,1,accepted
1784368165.966316,direct1m_01,101,2052,1,APPROACH,TO_1M,3.519420,3.585232,0.114188,0.036667,12.277244,-4.807810,12.372632,-4.870622,12.284300,-4.812457,0.073971,0.073971,0.114211,1,accepted
1784368166.045826,direct1m_01,101,2053,1,APPROACH,TO_1M,3.524022,3.586973,0.117048,0.042540,12.284300,-4.812457,12.381917,-4.877098,12.291569,-4.817270,0.074469,0.074469,0.117080,1,accepted
1784368166.123182,direct1m_01,101,2054,1,APPROACH,TO_1M,3.526947,3.586398,0.120549,0.046686,12.291569,-4.817270,12.392020,-4.883982,12.299078,-4.822257,0.074746,0.074746,0.120585,1,accepted
1784368166.190935,direct1m_01,101,2055,1,APPROACH,TO_1M,3.356902,3.588087,0.051184,0.044824,12.299078,-4.822257,12.254268,-4.797362,12.295748,-4.820407,0.074311,0.074311,0.051260,1,accepted
1784368166.266544,direct1m_01,101,2056,1,APPROACH,TO_1M,3.347268,3.577868,0.050600,0.040689,12.295748,-4.820407,12.251572,-4.795604,12.292457,-4.818559,0.074487,0.074487,0.050663,1,accepted
1784368166.340502,direct1m_01,101,2057,1,APPROACH,TO_1M,3.339062,3.564829,0.045767,0.040102,12.292457,-4.818559,12.252392,-4.796299,12.289471,-4.816900,0.074526,0.074526,0.045834,1,accepted
1784368166.411633,direct1m_01,101,2058,1,APPROACH,TO_1M,3.332190,3.553934,0.041745,0.043265,12.289471,-4.816900,12.252708,-4.796947,12.286738,-4.815417,0.074358,0.074358,0.041830,1,accepted
1784368166.487479,direct1m_01,101,2059,1,APPROACH,TO_1M,3.326604,3.544275,0.037671,0.043077,12.286738,-4.815417,12.253430,-4.797620,12.284255,-4.814090,0.074544,0.074544,0.037764,1,accepted
1784368166.559538,direct1m_01,101,2060,1,APPROACH,TO_1M,3.321754,3.533986,0.032232,0.043364,12.284255,-4.814090,12.255544,-4.799201,12.282118,-4.812982,0.074441,0.074441,0.032341,1,accepted
1784368166.628428,direct1m_01,101,2061,1,APPROACH,TO_1M,3.317279,3.522281,0.025002,0.041956,12.282118,-4.812982,12.259577,-4.801863,12.280447,-4.812158,0.074129,0.074129,0.025134,1,accepted
1784368166.701651,direct1m_01,101,2062,1,APPROACH,TO_1M,3.313021,3.514038,0.021017,0.035197,12.280447,-4.812158,12.261503,-4.802806,12.279042,-4.811464,0.074165,0.074165,0.021127,1,accepted
1784368166.770425,direct1m_01,101,2063,1,APPROACH,TO_1M,3.304940,3.505320,0.020380,0.020309,12.279042,-4.811464,12.261122,-4.801677,12.277718,-4.810741,0.073884,0.073884,0.020418,1,accepted
1784368166.837066,direct1m_01,101,2064,1,APPROACH,TO_1M,3.293502,3.495139,0.021637,-0.000463,12.277718,-4.810741,12.259408,-4.799213,12.276372,-4.809894,0.073494,0.073494,0.021637,1,accepted
1784368166.912809,direct1m_01,101,2065,1,APPROACH,TO_1M,3.283615,3.487836,0.024221,-0.013915,12.276372,-4.809894,12.256308,-4.796300,12.274891,-4.808890,0.073798,0.073798,0.024236,1,accepted
1784368166.989077,direct1m_01,101,2066,1,APPROACH,TO_1M,3.277452,3.478321,0.020868,-0.036606,12.274891,-4.808890,12.258396,-4.795917,12.273669,-4.807929,0.074095,0.074095,0.020985,1,accepted
1784368167.051846,direct1m_01,101,2067,1,APPROACH,TO_1M,3.271588,3.470651,0.019063,-0.050060,12.273669,-4.807929,12.259134,-4.795231,12.272602,-4.806997,0.073404,0.073404,0.019301,1,accepted
1784368167.123962,direct1m_01,101,2068,1,APPROACH,TO_1M,3.263087,3.464003,0.020917,-0.059826,12.272602,-4.806997,12.256806,-4.792819,12.271442,-4.805956,0.073465,0.073465,0.021226,1,accepted
1784368167.198552,direct1m_01,101,2069,1,APPROACH,TO_1M,3.258422,3.456689,0.018266,-0.068788,12.271442,-4.805956,12.258175,-4.792735,12.270464,-4.804981,0.073692,0.073692,0.018729,1,accepted
1784368167.267965,direct1m_01,101,2070,1,APPROACH,TO_1M,3.254172,3.448481,0.014309,-0.077589,12.270464,-4.804981,12.260826,-4.793423,12.269755,-4.804132,0.073524,0.073524,0.015049,1,accepted
1784368167.337957,direct1m_01,101,2071,1,APPROACH,TO_1M,3.249525,3.442741,0.013216,-0.082289,12.269755,-4.804132,12.261190,-4.792922,12.269126,-4.803309,0.073420,0.073420,0.014108,1,accepted
1784368167.417895,direct1m_01,101,2072,1,APPROACH,TO_1M,3.239866,3.436406,0.016540,-0.086923,12.269126,-4.803309,12.257890,-4.790105,12.268295,-4.802331,0.074027,0.074027,0.017338,1,accepted
1784368167.489877,direct1m_01,101,2073,1,APPROACH,TO_1M,3.244268,3.428241,0.003973,-0.090384,12.268295,-4.802331,12.267807,-4.795640,12.268259,-4.801836,0.073992,0.073992,0.006708,1,accepted
1784368167.553344,direct1m_01,101,2074,1,APPROACH,TO_1M,3.245623,3.422774,0.002849,-0.090000,12.268259,-4.801836,12.273534,-4.798799,12.268646,-4.801613,0.073364,0.073364,0.006087,1,accepted
1784368167.635246,direct1m_01,101,2075,1,APPROACH,TO_1M,3.241627,3.416704,0.004923,-0.090141,12.268646,-4.801613,12.275677,-4.799681,12.269167,-4.801470,0.074117,0.074117,0.007292,1,accepted
1784368167.701534,direct1m_01,101,2076,1,APPROACH,TO_1M,3.232552,3.411291,0.001260,-0.089360,12.269167,-4.801470,12.273068,-4.797638,12.269454,-4.801188,0.073670,0.073670,0.005469,1,accepted
1784368167.771854,direct1m_01,101,2077,1,APPROACH,TO_1M,3.220605,3.402807,0.002202,-0.092449,12.269454,-4.801188,12.270516,-4.795370,12.269532,-4.800760,0.073568,0.073568,0.005914,1,accepted
1784368167.853400,direct1m_01,101,2078,1,APPROACH,TO_1M,3.208109,3.395530,0.007421,-0.094935,12.269532,-4.800760,12.266250,-4.792049,12.269289,-4.800113,0.074266,0.074266,0.009309,1,accepted
1784368167.922743,direct1m_01,101,2079,1,APPROACH,TO_1M,3.209624,3.388631,0.000993,-0.094139,12.269289,-4.800113,12.273098,-4.795932,12.269570,-4.799803,0.074012,0.074012,0.005656,1,accepted
1784368167.991596,direct1m_01,101,2080,1,APPROACH,TO_1M,3.216367,3.381377,0.014990,-0.092091,12.269570,-4.799803,12.285154,-4.803195,12.270720,-4.800053,0.073759,0.073759,0.015949,1,accepted
1784368168.078300,direct1m_01,101,2081,1,APPROACH,TO_1M,3.210553,3.373172,0.017382,-0.090771,12.270720,-4.800053,12.288278,-4.804802,12.272033,-4.800409,0.074791,0.074791,0.018189,1,accepted
1784368168.148401,direct1m_01,101,2082,1,APPROACH,TO_1M,3.440124,3.367753,0.252371,-0.086367,12.272033,-4.800409,12.488221,-4.930722,12.288142,-4.810119,0.074514,0.074514,0.252426,1,accepted
1784368168.214466,direct1m_01,101,2083,1,APPROACH,TO_1M,3.448817,3.378589,0.250229,-0.078826,12.288142,-4.810119,12.502255,-4.939707,12.303985,-4.819707,0.073991,0.073991,0.250275,1,accepted
1784368168.304139,direct1m_01,101,2084,1,APPROACH,TO_1M,3.450222,3.386788,0.243434,-0.065871,12.303985,-4.819707,12.511902,-4.946382,12.319620,-4.829233,0.075201,0.075201,0.243467,1,accepted
